{"type": "FeatureCollection", "features": [{"type": "Feature", "properties": {"_h": "7e94cdfc-9572-5376-a485-dde37f79fb4a", "clase": 1, "anio": 1996, "area_ha": 0.72, "cerro": "Cerro del Quinceo"}, "geometry": {"type": "Polygon", "coordinates": [[[-101.27325542654522, 19.767573511335215], [-101.27323621861838, 19.76621904503376], [-101.2729500729888, 19.76622268147372], [-101.27295775500392, 19.766764468128784], [-101.27267160834576, 19.766768104219583], [-101.27267544896603, 19.76703899758762], [-101.27238930176182, 19.767042633275388], [-101.27239314196304, 19.76731352668837], [-101.27296543727306, 19.76730625474821], [-101.2729692785029, 19.767577148044555], [-101.27325542654522, 19.767573511335215]]]}}, {"type": "Feature", "properties": {"_h": "0faf5a47-47bf-502d-be5a-188e6feb0591", "clase": 1, "anio": 2010, "area_ha": 1.17, "cerro": "Cerro del Quinceo"}, "geometry": {"type": "Polygon", "coordinates": [[[-101.26261437849523, 19.763915231215034], [-101.2626105555231, 19.763644335859002], [-101.26289669860891, 19.76364071640374], [-101.26289287521755, 19.763369821092436], [-101.26317901775766, 19.763366201233975], [-101.26317137019969, 19.76282441069192], [-101.26288522862446, 19.762828030443114], [-101.26288140542275, 19.762557135105094], [-101.26230912304752, 19.762564373129766], [-101.26231676758438, 19.763106164011397], [-101.26203062533706, 19.763109782445742], [-101.26203826916183, 19.763651573399], [-101.26232441237407, 19.763647954857415], [-101.26232823486374, 19.763918850267075], [-101.26261437849523, 19.763915231215034]]]}}, {"type": "Feature", "properties": {"_h": "5b984dff-d8f7-5492-b233-17e79f96b826", "clase": 1, "anio": 1999, "area_ha": 0.63, "cerro": "Cerro del Quinceo"}, "geometry": {"type": "Polygon", "coordinates": [[[-101.25342729247511, 19.761863637483966], [-101.25342348544595, 19.761592740344167], [-101.25370962669115, 19.7615891359353], [-101.25370581924254, 19.76131823884001], [-101.2528473967653, 19.76132905053599], [-101.25284359082687, 19.761058153271595], [-101.25255745035764, 19.761061756203276], [-101.25256506133262, 19.761603550829964], [-101.25285120276668, 19.7615999477915], [-101.25285500883099, 19.761870845038114], [-101.25342729247511, 19.761863637483966]]]}}, {"type": "Feature", "properties": {"_h": "c11d3c3a-53d9-5741-8355-15a9f7c24e79", "clase": 1, "anio": 2021, "area_ha": 0.54, "cerro": "Cerro del Quinceo"}, "geometry": {"type": "Polygon", "coordinates": [[[-101.28890451720088, 19.761142310228575], [-101.28889291704743, 19.760329638779915], [-101.28860678505389, 19.7603332992091], [-101.28861065122541, 19.760604189755146], [-101.28803838608185, 19.760611509351808], [-101.28804611668731, 19.76115329063409], [-101.28833225025578, 19.761149630955668], [-101.28832838443873, 19.76087874037322], [-101.28861451746089, 19.76087508029228], [-101.2886183837603, 19.761145970820493], [-101.28890451720088, 19.761142310228575]]]}}, {"type": "Feature", "properties": {"_h": "339e4a1a-19fb-5347-8d6a-3b4400a0d905", "clase": 1, "anio": 1996, "area_ha": 0.99, "cerro": "Cerro del Quinceo"}, "geometry": {"type": "Polygon", "coordinates": [[[-101.28659227130709, 19.759546236594836], [-101.28658068387982, 19.75873356368439], [-101.28600842459406, 19.758740876128154], [-101.28600070189107, 19.758199093926546], [-101.28571457311696, 19.758202749355043], [-101.28570685163395, 19.757660967009425], [-101.28542072376052, 19.757664621872912], [-101.28543616505287, 19.758748186745162], [-101.2857222948554, 19.758744531665002], [-101.2857261558204, 19.75901542280661], [-101.28629841619846, 19.75900811116787], [-101.28630614024924, 19.759549893207627], [-101.28659227130709, 19.759546236594836]]]}}, {"type": "Feature", "properties": {"_h": "34d28ec5-236e-50b9-a779-c524b87da54a", "clase": 2, "anio": 2017, "area_ha": 0.72, "cerro": "Cerro del Quinceo"}, "geometry": {"type": "Polygon", "coordinates": [[[-101.29859030461594, 19.75803780296971], [-101.29858642214081, 19.757766914245934], [-101.29915867289702, 19.757759561941285], [-101.29915478952162, 19.757488673317546], [-101.29886866465787, 19.757492349643712], [-101.29886478182895, 19.75722146095656], [-101.29829253287326, 19.757228812130013], [-101.29829641473773, 19.75749970092611], [-101.29801028968134, 19.757503375882347], [-101.29801805263841, 19.7580451535567], [-101.29859030461594, 19.75803780296971]]]}}, {"type": "Feature", "properties": {"_h": "65c173dd-3809-56f4-b7fa-cd262578c698", "clase": 1, "anio": 2021, "area_ha": 0.9, "cerro": "Cerro del Quinceo"}, "geometry": {"type": "Polygon", "coordinates": [[[-101.28741589051873, 19.75709724650763], [-101.28740816375972, 19.756555464740995], [-101.28712203819849, 19.75655912212762], [-101.28711817539705, 19.75628823117672], [-101.28769042549118, 19.756280916055264], [-101.28768656178922, 19.75601002520387], [-101.28682818799884, 19.756020997038494], [-101.28682432580737, 19.755750106015558], [-101.28653820156502, 19.755753762326336], [-101.28654592504738, 19.75629554447167], [-101.28683205025416, 19.75629188805251], [-101.28684363740345, 19.75710456104106], [-101.28741589051873, 19.75709724650763]]]}}, {"type": "Feature", "properties": {"_h": "62d43623-308b-501c-8a76-eef0c95009a7", "clase": 1, "anio": 1996, "area_ha": 2.16, "cerro": "Cerro del Quinceo"}, "geometry": {"type": "Polygon", "coordinates": [[[-101.24849450418824, 19.757048677248413], [-101.24848690885668, 19.756506880825853], [-101.24677010863937, 19.756528445019175], [-101.24676251934626, 19.75598664792181], [-101.24647638672153, 19.755990240249158], [-101.24648018085443, 19.756261138855532], [-101.24619404768467, 19.756264730779453], [-101.24619025403405, 19.755993832119838], [-101.2459041212838, 19.75599742353385], [-101.24590791445216, 19.756268322246694], [-101.24504951437822, 19.756279093908375], [-101.24505330616252, 19.756549992771994], [-101.24591170768328, 19.756539220950657], [-101.24591550097712, 19.756810119645724], [-101.24562936671732, 19.756813710762746], [-101.24563315959162, 19.757084609502154], [-101.24620542901307, 19.757077426704956], [-101.24620163517419, 19.756806528072012], [-101.24706003738886, 19.756795750610753], [-101.24706383267461, 19.757066649083956], [-101.24849450418824, 19.757048677248413]]]}}, {"type": "Feature", "properties": {"_h": "3356aa66-7f8e-5db9-8d6f-86b100b447c2", "clase": 1, "anio": 2021, "area_ha": 1.08, "cerro": "Cerro del Quinceo"}, "geometry": {"type": "Polygon", "coordinates": [[[-101.28627138403263, 19.757111873747903], [-101.28626366113149, 19.756570091547683], [-101.28597753531474, 19.75657374710777], [-101.28596981363351, 19.75603196476353], [-101.28625593848582, 19.75602830931181], [-101.28624821609561, 19.755486527040272], [-101.28596209220771, 19.75549018238364], [-101.28596595288869, 19.75576107357804], [-101.28510757939527, 19.75577203703098], [-101.28511529805553, 19.756313819718052], [-101.28540142358159, 19.756310165582033], [-101.2854052834897, 19.756581056858035], [-101.28569140943415, 19.75657740221122], [-101.28569526988832, 19.75684829342414], [-101.28598139625116, 19.756844638266514], [-101.28598525725141, 19.75711552941635], [-101.28627138403263, 19.757111873747903]], [[-101.28568754904381, 19.756306510989386], [-101.28540142358159, 19.756310165582033], [-101.28539756373733, 19.756039274297116], [-101.28568368871736, 19.756035619758634], [-101.28568754904381, 19.756306510989386]]]}}, {"type": "Feature", "properties": {"_h": "e502cd34-06ca-5dc8-8773-206e44a27627", "clase": 1, "anio": 2021, "area_ha": 0.99, "cerro": "Cerro del Quinceo"}, "geometry": {"type": "Polygon", "coordinates": [[[-101.28997942331081, 19.756251637304437], [-101.28996782082379, 19.75543896602539], [-101.28968169776675, 19.75544262730462], [-101.28967783088119, 19.755171736806172], [-101.28881946277288, 19.755182717741487], [-101.28882332821188, 19.755453608402693], [-101.28910945146077, 19.755449948493276], [-101.28911718349498, 19.755991729680463], [-101.28940330764433, 19.75598806920592], [-101.28940717423957, 19.756258959731888], [-101.28997942331081, 19.756251637304437]]]}}, {"type": "Feature", "properties": {"_h": "3f4bee30-df71-5e1d-9aac-db56da2fad09", "clase": 1, "anio": 2021, "area_ha": 1.08, "cerro": "Cerro del Quinceo"}, "geometry": {"type": "Polygon", "coordinates": [[[-101.2882588106633, 19.75600270836436], [-101.28824335263695, 19.754919145303443], [-101.28738498501627, 19.754930119227136], [-101.28738884798044, 19.755201010168395], [-101.28710272483022, 19.755204667283984], [-101.2871065873761, 19.755475558270533], [-101.2873927110085, 19.755471901100744], [-101.28739657410046, 19.755742792024176], [-101.28768269815116, 19.755739134343564], [-101.28768656178922, 19.75601002520387], [-101.2882588106633, 19.75600270836436]]]}}, {"type": "Feature", "properties": {"_h": "69188dca-d528-5341-b54c-12a59e80d4da", "clase": 1, "anio": 1998, "area_ha": 0.63, "cerro": "Cerro del Quinceo"}, "geometry": {"type": "Polygon", "coordinates": [[[-101.29798700235087, 19.75587804264515], [-101.2979637173313, 19.754252709086803], [-101.297677597997, 19.754256382932898], [-101.29768535844913, 19.75479816093028], [-101.29739923808634, 19.75480183442871], [-101.29740311792652, 19.755072723468476], [-101.29768923877145, 19.75506904991559], [-101.29770088012357, 19.75588171681799], [-101.29798700235087, 19.75587804264515]]]}}, {"type": "Feature", "properties": {"_h": "1a5ddaae-0da0-5298-9ed7-f7eab87fdc3f", "clase": 1, "anio": 1996, "area_ha": 1.17, "cerro": "Cerro del Quinceo"}, "geometry": {"type": "Polygon", "coordinates": [[[-101.30762160023649, 19.749251557464724], [-101.30761770439234, 19.748980670202002], [-101.30818992017589, 19.748973292172803], [-101.3081821267531, 19.748431517839357], [-101.30760991289742, 19.74843889564979], [-101.3076021216603, 19.74789712106188], [-101.30702990947462, 19.747904496827964], [-101.30703769878394, 19.748446271634588], [-101.30675159163056, 19.74844995894238], [-101.3067554858999, 19.74872084638698], [-101.30732770110617, 19.748713471205644], [-101.30733549176605, 19.749255245849376], [-101.30762160023649, 19.749251557464724]]]}}, {"type": "Feature", "properties": {"_h": "e21899a3-6bb0-53c9-8ac9-55a6663055b3", "clase": 1, "anio": 2018, "area_ha": 1.08, "cerro": "Cerro del Quinceo"}, "geometry": {"type": "Polygon", "coordinates": [[[-101.25496895061038, 19.749380740967247], [-101.2549499161106, 19.748026254736498], [-101.25466379929111, 19.74802985875726], [-101.25467141193802, 19.74857165338311], [-101.25438529409149, 19.74857525705427], [-101.25438148821857, 19.748304359692366], [-101.2540953707911, 19.74830796285363], [-101.25409917618201, 19.748578860268964], [-101.25381305820954, 19.748582463027187], [-101.25381686318136, 19.748853360487043], [-101.25410298163585, 19.74884975767541], [-101.25410678715264, 19.749120655072957], [-101.25439290602621, 19.74911705175142], [-101.25439671208804, 19.749387949086653], [-101.25496895061038, 19.749380740967247]]]}}, {"type": "Feature", "properties": {"_h": "8eebbcd5-c119-575c-b454-b2fa1bea4d17", "clase": 1, "anio": 2018, "area_ha": 0.54, "cerro": "Cerro del Quinceo"}, "geometry": {"type": "Polygon", "coordinates": [[[-101.2589669857229, 19.74878844003647], [-101.2589631720745, 19.748517543539165], [-101.25924928891247, 19.748513932564492], [-101.25924547484514, 19.748243036111827], [-101.25953159113799, 19.748239424734233], [-101.25952777665174, 19.747968528326222], [-101.25866942902991, 19.747979360929012], [-101.25868086833981, 19.748792050608213], [-101.2589669857229, 19.74878844003647]]]}}, {"type": "Feature", "properties": {"_h": "16e80501-1765-51a2-9755-26193b070c51", "clase": 1, "anio": 2018, "area_ha": 1.35, "cerro": "Cerro del Quinceo"}, "geometry": {"type": "Polygon", "coordinates": [[[-101.25382066821612, 19.749124257938014], [-101.25381686318136, 19.748853360487043], [-101.25353074466392, 19.7488569628422], [-101.25351933138344, 19.748044270275713], [-101.25323321424916, 19.748047872014176], [-101.25324082207581, 19.748589667174198], [-101.25295470391453, 19.748593268562995], [-101.25295090045176, 19.748322370934034], [-101.2526647827096, 19.748325971812964], [-101.25265717693689, 19.747784176421582], [-101.25237106009584, 19.747787776737272], [-101.25236725778588, 19.747516878974867], [-101.25208114136392, 19.747520478780736], [-101.25208874508274, 19.748062274403413], [-101.25237486246873, 19.748058674490796], [-101.2523824674032, 19.748600469971162], [-101.25266858569032, 19.748596869495312], [-101.25267619184055, 19.749138664833353], [-101.25382066821612, 19.749124257938014]]]}}, {"type": "Feature", "properties": {"_h": "83bdd61f-f4a8-5824-97e4-1654a9f723db", "clase": 1, "anio": 2018, "area_ha": 0.54, "cerro": "Cerro del Quinceo"}, "geometry": {"type": "Polygon", "coordinates": [[[-101.25810100904279, 19.748257477057614], [-101.25809338495348, 19.747715683697372], [-101.25780726930923, 19.74771929268564], [-101.25780345784116, 19.747448395938676], [-101.25808957300343, 19.747444787003918], [-101.25808576111645, 19.747173890301568], [-101.25751353169285, 19.747181107607627], [-101.257524964651, 19.747993798009052], [-101.25781108084033, 19.747990189423724], [-101.2578148924345, 19.748261086152908], [-101.25810100904279, 19.748257477057614]]]}}, {"type": "Feature", "properties": {"_h": "138a56bd-c369-59a9-a636-5cccd5b1a4c5", "clase": 1, "anio": 1996, "area_ha": 0.9, "cerro": "Cerro del Quinceo"}, "geometry": {"type": "Polygon", "coordinates": [[[-101.30844485197144, 19.746802505363252], [-101.30843705861629, 19.74626073099643], [-101.30872316152755, 19.746257041387878], [-101.3087153674665, 19.745715267094777], [-101.308429265519, 19.745718956593908], [-101.3084331620354, 19.74598984379963], [-101.30814705954154, 19.745993532897128], [-101.30814316350701, 19.7457226456367], [-101.30757095928969, 19.74573002235329], [-101.30757874949566, 19.746271797083974], [-101.30815095564054, 19.74626442014863], [-101.30815485180399, 19.746535307391206], [-101.30786874828188, 19.746538996141748], [-101.30787264402788, 19.7468098834301], [-101.30844485197144, 19.746802505363252]]]}}, {"type": "Feature", "properties": {"_h": "7c7586df-0c96-55e8-8888-1e3fecc716c9", "clase": 1, "anio": 1996, "area_ha": 3.24, "cerro": "Cerro del Quinceo"}, "geometry": {"type": "Polygon", "coordinates": [[[-101.30905214162169, 19.749233108695066], [-101.30904824336767, 19.748962221705867], [-101.3093343509693, 19.748958530637385], [-101.30932265514829, 19.748145869780398], [-101.30960876123956, 19.748142178419688], [-101.30960096338417, 19.747600404579867], [-101.30931485825678, 19.74760409583111], [-101.30931095990778, 19.747333208843088], [-101.30959706455322, 19.74732951764657], [-101.30958926708485, 19.7467877437532], [-101.30987537070196, 19.746784052209776], [-101.30987147158262, 19.74651316530444], [-101.31015757465335, 19.7465094733594], [-101.31015367511662, 19.74623858649988], [-101.31043977764091, 19.746234894153236], [-101.31043587768684, 19.745964007339538], [-101.31072197966472, 19.7459603145913], [-101.31071417898637, 19.745418541046647], [-101.31042807797223, 19.74542223368537], [-101.31043197779728, 19.74569312051692], [-101.3092875711681, 19.745707886727498], [-101.30929146913014, 19.74597877376907], [-101.30900536682971, 19.745982464235603], [-101.30903265099649, 19.747878673659805], [-101.3087465452582, 19.747882364052998], [-101.30874264780856, 19.747611476964458], [-101.30845654248772, 19.747615166846554], [-101.3084643364876, 19.748156941124133], [-101.30903654899255, 19.74814956068471], [-101.3090404470531, 19.748420447700685], [-101.30846823358424, 19.748427828249536], [-101.30847213074536, 19.748698715366015], [-101.308758237994, 19.748695025265086], [-101.3087660334736, 19.74923679936185], [-101.30905214162169, 19.749233108695066]], [[-101.30958926708485, 19.7467877437532], [-101.30930316340324, 19.746791434840254], [-101.30929926524772, 19.74652054782545], [-101.30958536844742, 19.746516856793125], [-101.30958926708485, 19.7467877437532]]]}}, {"type": "Feature", "properties": {"_h": "0b0dd8fe-d965-5c58-b14e-42041a43ca4c", "clase": 1, "anio": 1996, "area_ha": 1.26, "cerro": "Cerro del Quinceo"}, "geometry": {"type": "Polygon", "coordinates": [[[-101.32989853028495, 19.746253627079465], [-101.32989066477765, 19.74571186093863], [-101.33046285985557, 19.745704412925594], [-101.33046679354038, 19.74597529589004], [-101.33075289146358, 19.745971571143826], [-101.33074502319533, 19.745429805316455], [-101.3293145377471, 19.7454484239322], [-101.32931060611978, 19.74517754072902], [-101.32959670285773, 19.74517381797368], [-101.32959277081365, 19.744902934816775], [-101.32902057823635, 19.744910379760757], [-101.3290245093168, 19.74518126302806], [-101.32873841244876, 19.7451849848708], [-101.3287423431124, 19.74545586818436], [-101.32902844046227, 19.745452146286432], [-101.32903630294834, 19.745993912776353], [-101.32932240119688, 19.745990190311726], [-101.32931846943946, 19.74571930712643], [-101.32960456714109, 19.745715584260687], [-101.32961243168468, 19.746257350511936], [-101.32989853028495, 19.746253627079465]]]}}, {"type": "Feature", "properties": {"_h": "eb7923e7-a91d-539e-af55-79c647ff89c5", "clase": 1, "anio": 2018, "area_ha": 0.72, "cerro": "Cerro del Quinceo"}, "geometry": {"type": "Polygon", "coordinates": [[[-101.25634241088845, 19.74529925733033], [-101.25633098560486, 19.744486566020306], [-101.25661709578085, 19.744482959955995], [-101.25661328699712, 19.744212062888348], [-101.25575495772583, 19.744222879551753], [-101.25575876506386, 19.744493776779812], [-101.25604487536586, 19.744490171628247], [-101.2560486832488, 19.74476106879395], [-101.25576257246487, 19.74476467399898], [-101.25577018745591, 19.745306468410632], [-101.25634241088845, 19.74529925733033]]]}}, {"type": "Feature", "properties": {"_h": "655029a3-7147-5336-8187-776e08a463ef", "clase": 2, "anio": 1999, "area_ha": 0.81, "cerro": "Cerro del Quinceo"}, "geometry": {"type": "Polygon", "coordinates": [[[-101.30580375261823, 19.742230600667725], [-101.30579986134028, 19.741959712845034], [-101.30608595712216, 19.741956028218], [-101.30607817379591, 19.74141425265515], [-101.30579207897755, 19.741417937172898], [-101.30578818789276, 19.741147049323445], [-101.30550209349177, 19.741150733330322], [-101.30550987476221, 19.74169250912958], [-101.30522377933332, 19.741696192789497], [-101.30522766958335, 19.74196708073038], [-101.3049415736083, 19.74197076398868], [-101.30494546344093, 19.742241651975263], [-101.30580375261823, 19.742230600667725]]]}}, {"type": "Feature", "properties": {"_h": "720151b5-bffd-53eb-bec5-437902aaf980", "clase": 1, "anio": 1996, "area_ha": 0.54, "cerro": "Cerro del Quinceo"}, "geometry": {"type": "Polygon", "coordinates": [[[-101.27919651971493, 19.742571281724274], [-101.27918882683683, 19.742029495965156], [-101.27947492809109, 19.742025853824888], [-101.279467234504, 19.741484068138178], [-101.27889503385902, 19.741491351746376], [-101.2789104174334, 19.742574923516273], [-101.27919651971493, 19.742571281724274]]]}}, {"type": "Feature", "properties": {"_h": "b6052553-62d6-52e8-82f5-b0a5cfd2c6e6", "clase": 1, "anio": 1994, "area_ha": 0.54, "cerro": "Cerro del Quinceo"}, "geometry": {"type": "Polygon", "coordinates": [[[-101.30488712270974, 19.738178331239922], [-101.30488323384255, 19.737907443119543], [-101.30459714502882, 19.73791112510235], [-101.30459325670763, 19.73764023691844], [-101.30430716831121, 19.73764391839049], [-101.30430328053602, 19.737373030143054], [-101.30401719255687, 19.737376711104364], [-101.30402885463053, 19.73818937598372], [-101.30488712270974, 19.738178331239922]]]}}, {"type": "Feature", "properties": {"_h": "e3c1c241-b914-57da-bea1-9e682b9700c2", "clase": 1, "anio": 1996, "area_ha": 0.81, "cerro": "Cerro del Quinceo"}, "geometry": {"type": "Polygon", "coordinates": [[[-101.29830705264919, 19.73826290269304], [-101.29829541947477, 19.737450234541843], [-101.29743715129688, 19.73746124732064], [-101.29744878013636, 19.7382739159619], [-101.29830705264919, 19.73826290269304]]]}}, {"type": "Feature", "properties": {"_h": "b4c514c2-7920-5be6-b78a-12de4142955b", "clase": 1, "anio": 2021, "area_ha": 0.63, "cerro": "Cerro del Quinceo"}, "geometry": {"type": "Polygon", "coordinates": [[[-101.30172848640848, 19.737406142373967], [-101.30172460303234, 19.737135253626455], [-101.3020106910443, 19.737131576368775], [-101.30200680725079, 19.736860687666887], [-101.30229289471684, 19.73685701000763], [-101.30228512635944, 19.736315232686213], [-101.30199903985664, 19.73631891023636], [-101.30200292352158, 19.73658979895608], [-101.30171683647289, 19.73659347610467], [-101.30172071972048, 19.73686436487002], [-101.3014346321259, 19.73686804161703], [-101.30143851495613, 19.737138930427996], [-101.30115242681566, 19.73714260677342], [-101.30115630922853, 19.737413495630015], [-101.30172848640848, 19.737406142373967]]]}}, {"type": "Feature", "properties": {"_h": "ee27f2a2-e6ff-54ee-aae9-4dfac0f49aa9", "clase": 1, "anio": 1996, "area_ha": 0.99, "cerro": "Cerro del Quinceo"}, "geometry": {"type": "Polygon", "coordinates": [[[-101.30487545630125, 19.737365666852035], [-101.30487156762713, 19.73709477870491], [-101.30515765493158, 19.73709109642982], [-101.30514598785054, 19.736278432098793], [-101.30543207364578, 19.73627474953146], [-101.30543596309003, 19.736545637596095], [-101.3057220493025, 19.736541954518028], [-101.30571426951516, 19.73600017848911], [-101.30456992813188, 19.736014907627712], [-101.3045777040664, 19.736556684093625], [-101.30486379047197, 19.736553002383896], [-101.30486767901738, 19.73682389054886], [-101.30458159213018, 19.736827572313203], [-101.30458936845079, 19.73736934872561], [-101.30487545630125, 19.737365666852035]]]}}, {"type": "Feature", "properties": {"_h": "aff0e3c3-1238-545c-981d-0a16002e6b34", "clase": 1, "anio": 2018, "area_ha": 0.54, "cerro": "Cerro del Quinceo"}, "geometry": {"type": "Polygon", "coordinates": [[[-101.30285341412672, 19.736036987652632], [-101.30284952914553, 19.73576609907876], [-101.30342169977467, 19.735758741004002], [-101.30341781389463, 19.735487852530365], [-101.30313172909379, 19.735491531741207], [-101.30312784375963, 19.735220643204077], [-101.3025556749282, 19.735228000148357], [-101.30256732823408, 19.73604066606043], [-101.30285341412672, 19.736036987652632]]]}}, {"type": "Feature", "properties": {"_h": "c207d7fb-323c-5b9e-b74c-4f16e7aee525", "clase": 2, "anio": 2018, "area_ha": 0.81, "cerro": "Cerro Punhuato"}, "geometry": {"type": "Polygon", "coordinates": [[[-101.13754587799265, 19.69960963667012], [-101.13753508108778, 19.698796876238823], [-101.13667692545789, 19.698807099703316], [-101.13668771803619, 19.699619860590367], [-101.13754587799265, 19.69960963667012]]]}}, {"type": "Feature", "properties": {"_h": "851d9130-6754-5187-8c7c-77ee1ab10e65", "clase": 1, "anio": 2013, "area_ha": 0.54, "cerro": "Pico Azul–La Escalera"}, "geometry": {"type": "Polygon", "coordinates": [[[-101.10326756217772, 19.659911534604735], [-101.10326402856352, 19.659640607241418], [-101.10355001719577, 19.659637259521883], [-101.10354294918409, 19.65909540486862], [-101.10325696151104, 19.659098752488497], [-101.10325342807276, 19.658827825098886], [-101.10296744082068, 19.658831172214523], [-101.10298157300721, 19.659914881919672], [-101.10326756217772, 19.659911534604735]]]}}, {"type": "Feature", "properties": {"_h": "7cda3e22-871a-5433-98f9-5bb68ec2e5e5", "clase": 2, "anio": 2016, "area_ha": 2.34, "cerro": "Pico Azul–La Escalera"}, "geometry": {"type": "Polygon", "coordinates": [[[-101.08524662685046, 19.659850597437618], [-101.08524312351105, 19.659579666939848], [-101.08552911534228, 19.65957634789918], [-101.08552561158136, 19.65930541744206], [-101.08581160287484, 19.65930209799636], [-101.08580809869245, 19.659031167579894], [-101.08609408944815, 19.65902784772918], [-101.0860835758111, 19.658215056575482], [-101.08636956506982, 19.658211736418615], [-101.08635905051746, 19.657398945334368], [-101.08607306269747, 19.65740226534297], [-101.08607656701051, 19.657673195762563], [-101.08579057865279, 19.657676515366195], [-101.08579408254442, 19.657947445826448], [-101.08550809364897, 19.657950765025088], [-101.08550459023692, 19.657679834515424], [-101.08521860176292, 19.657683153210264], [-101.085225607686, 19.658225014319644], [-101.08551159711918, 19.658221695525995], [-101.08551510064751, 19.658492626018152], [-101.0846571307348, 19.658502581184063], [-101.08466063288247, 19.658773511815642], [-101.08494662339109, 19.658770193832034], [-101.08495713162168, 19.659582985526075], [-101.08467113967419, 19.659586303657857], [-101.08467464205432, 19.659857234254414], [-101.08524662685046, 19.659850597437618]]]}}, {"type": "Feature", "properties": {"_h": "72399585-ca17-5477-bbd7-a172c35fbffc", "clase": 1, "anio": 2016, "area_ha": 0.99, "cerro": "Pico Azul–La Escalera"}, "geometry": {"type": "Polygon", "coordinates": [[[-101.085225607686, 19.658225014319644], [-101.08521860176292, 19.657683153210264], [-101.08550459023692, 19.657679834515424], [-101.08550809364897, 19.657950765025088], [-101.08579408254442, 19.657947445826448], [-101.08579057865279, 19.657676515366195], [-101.08607656701051, 19.657673195762563], [-101.08606605424582, 19.656860404477502], [-101.08578006732678, 19.656863723932883], [-101.08578357104398, 19.65713465441941], [-101.08521159607237, 19.657141292065855], [-101.08521509888858, 19.657412222642442], [-101.084929110836, 19.657415540833494], [-101.0849396181947, 19.658228332658886], [-101.085225607686, 19.658225014319644]]]}}, {"type": "Feature", "properties": {"_h": "1fbbb9aa-96c6-529c-8150-88f1f6ff10d7", "clase": 1, "anio": 2016, "area_ha": 0.9, "cerro": "Pico Azul–La Escalera"}, "geometry": {"type": "Polygon", "coordinates": [[[-101.08750300121571, 19.65738566075612], [-101.08748897495406, 19.656301939978896], [-101.08720298928496, 19.656305261607233], [-101.08719948334456, 19.656034331341587], [-101.08662751279088, 19.65604097313631], [-101.08663101777222, 19.656311903500836], [-101.08691700355769, 19.656308582781215], [-101.08692401465396, 19.65685044338513], [-101.0866380279094, 19.65685376420363], [-101.08664153306526, 19.657124694541885], [-101.08721350745527, 19.65711805235164], [-101.08721701362842, 19.657388982582262], [-101.08750300121571, 19.65738566075612]]]}}, {"type": "Feature", "properties": {"_h": "19baa02c-0e14-5474-b421-d881f73c391f", "clase": 2, "anio": 2016, "area_ha": 1.35, "cerro": "Pico Azul–La Escalera"}, "geometry": {"type": "Polygon", "coordinates": [[[-101.08664153306526, 19.657124694541885], [-101.0866380279094, 19.65685376420363], [-101.08692401465396, 19.65685044338513], [-101.08691700355769, 19.656308582781215], [-101.08663101777222, 19.656311903500836], [-101.08662751279088, 19.65604097313631], [-101.08605554200453, 19.65604761311363], [-101.08605203804039, 19.655776682641488], [-101.0857660530395, 19.655780001899206], [-101.0857695565241, 19.65605093242076], [-101.08548357098555, 19.656054251273535], [-101.08548707404876, 19.656325181835744], [-101.08577306006686, 19.656321862933556], [-101.08578006732678, 19.656863723932883], [-101.08606605424582, 19.656860404477502], [-101.08606955844257, 19.657131334914613], [-101.08664153306526, 19.657124694541885]]]}}, {"type": "Feature", "properties": {"_h": "dcc3b1ce-cde0-526f-9a2a-ac4277717e43", "clase": 1, "anio": 2016, "area_ha": 0.63, "cerro": "Pico Azul–La Escalera"}, "geometry": {"type": "Polygon", "coordinates": [[[-101.08578006732678, 19.656863723932883], [-101.08577306006686, 19.656321862933556], [-101.08548707404876, 19.656325181835744], [-101.08548357098555, 19.656054251273535], [-101.08519758538885, 19.656057569671958], [-101.08519058039587, 19.65551570842247], [-101.08490459570008, 19.655519026267754], [-101.08491510183818, 19.65633181827703], [-101.08520108797254, 19.656328500283568], [-101.08520459061434, 19.65659943088642], [-101.08549057717012, 19.65659611238919], [-101.0854940803496, 19.65686704293389], [-101.08578006732678, 19.656863723932883]]]}}, {"type": "Feature", "properties": {"_h": "01c54ae0-b486-53f8-b038-36946c49319e", "clase": 2, "anio": 2017, "area_ha": 0.72, "cerro": "Pico Azul–La Escalera"}, "geometry": {"type": "Polygon", "coordinates": [[[-101.09720893030207, 19.6559178057443], [-101.09720540763689, 19.655646877204653], [-101.0969194249099, 19.65565021418157], [-101.09691590278268, 19.655379285583475], [-101.09662992047672, 19.65538262205639], [-101.09662639888745, 19.655111693399864], [-101.09605443505914, 19.65511836488339], [-101.09606147637815, 19.655660222386327], [-101.09634745928051, 19.65565688677241], [-101.09635098050717, 19.655927815461073], [-101.09720893030207, 19.6559178057443]]]}}, {"type": "Feature", "properties": {"_h": "bd530ea9-e047-52fa-a081-2499e742cbde", "clase": 1, "anio": 2016, "area_ha": 0.54, "cerro": "Pico Azul–La Escalera"}, "geometry": {"type": "Polygon", "coordinates": [[[-101.0857660530395, 19.655780001899206], [-101.08576254961305, 19.655509071368893], [-101.08633451859765, 19.65550243249796], [-101.08632751000117, 19.654960571608743], [-101.08604152649694, 19.654963891172535], [-101.08604503028661, 19.65523482167095], [-101.08518707798657, 19.6552447777846], [-101.08519058039587, 19.65551570842247], [-101.08547656503353, 19.655512390122855], [-101.08548006798047, 19.65578332070257], [-101.0857660530395, 19.655780001899206]]]}}, {"type": "Feature", "properties": {"_h": "47fcc183-0e08-58b9-be08-8c24ef390089", "clase": 1, "anio": 2018, "area_ha": 0.63, "cerro": "Pico Azul–La Escalera"}, "geometry": {"type": "Polygon", "coordinates": [[[-101.08918734184323, 19.654927350982973], [-101.08918383283735, 19.65465642101983], [-101.08946981522189, 19.65465309650797], [-101.08946630579476, 19.654382166585556], [-101.0891803238897, 19.65438549104792], [-101.0891768150003, 19.65411456106725], [-101.08860485197442, 19.65412120853007], [-101.08861537594049, 19.654933998742717], [-101.08918734184323, 19.654927350982973]]]}}, {"type": "Feature", "properties": {"_h": "6703f6a7-3115-5d02-9048-e758c0e5d46a", "clase": 1, "anio": 2005, "area_ha": 0.63, "cerro": "Cerro del Águila"}, "geometry": {"type": "Polygon", "coordinates": [[[-101.37022341323717, 19.647647798814784], [-101.37021545492286, 19.647106042464507], [-101.3690717978389, 19.647121118171963], [-101.36907577504745, 19.647391996576044], [-101.36936168989638, 19.647388228273766], [-101.36936566764984, 19.647659106612814], [-101.37022341323717, 19.647647798814784]]]}}, {"type": "Feature", "properties": {"_h": "048a96fe-cb36-50ea-86a6-16eedf6e7ea2", "clase": 1, "anio": 2007, "area_ha": 0.72, "cerro": "Cerro del Águila"}, "geometry": {"type": "Polygon", "coordinates": [[[-101.37337245982773, 19.647877179489072], [-101.3733684753035, 19.647606301945206], [-101.37365438964015, 19.647602526779664], [-101.37365040470314, 19.647331649283085], [-101.37307857692149, 19.64733919904794], [-101.37307060916145, 19.646797443803173], [-101.3727846961292, 19.646801217892506], [-101.37278867949728, 19.647072095575552], [-101.37250276592003, 19.64707586926728], [-101.37251073189674, 19.64761762471899], [-101.3730825609007, 19.64761007665694], [-101.37308654494603, 19.647880954257012], [-101.37337245982773, 19.647877179489072]]]}}, {"type": "Feature", "properties": {"_h": "81517e73-b54b-5630-9d24-92b5a1cb8ed0", "clase": 1, "anio": 2023, "area_ha": 0.54, "cerro": "Pico Azul–La Escalera"}, "geometry": {"type": "Polygon", "coordinates": [[[-101.08224330788244, 19.648775585515704], [-101.08223981171935, 19.648504654165354], [-101.082811757169, 19.648498028764074], [-101.08280826010534, 19.648227097503636], [-101.08252228788884, 19.648230410382027], [-101.08251879136252, 19.647959479063502], [-101.08223281956725, 19.6479627914384], [-101.08223631561428, 19.64823372280625], [-101.08195034328169, 19.64823703477632], [-101.08195383890744, 19.64850796618474], [-101.08166786603752, 19.648511277749964], [-101.08167136124199, 19.64878220919896], [-101.08224330788244, 19.648775585515704]]]}}, {"type": "Feature", "properties": {"_h": "49c027e3-02c8-5f1c-98ae-1de73a3f53f6", "clase": 1, "anio": 2000, "area_ha": 0.54, "cerro": "Pico Azul–La Escalera"}, "geometry": {"type": "Polygon", "coordinates": [[[-101.09138388818552, 19.647856570182945], [-101.09137686559176, 19.647314710584794], [-101.09109089655814, 19.647318036939218], [-101.09108738582795, 19.647047107077476], [-101.0905154485444, 19.647053758324887], [-101.09051895831607, 19.647324688285686], [-101.09080492746624, 19.647321362839524], [-101.09081194814293, 19.647863222635817], [-101.09138388818552, 19.647856570182945]]]}}, {"type": "Feature", "properties": {"_h": "e19ec7b8-9ab9-5422-8322-d6102ef95ee8", "clase": 1, "anio": 2008, "area_ha": 0.81, "cerro": "Pico Azul–La Escalera"}, "geometry": {"type": "Polygon", "coordinates": [[[-101.0927540119236, 19.643234127615067], [-101.09273996135019, 19.642150408779496], [-101.09216804201678, 19.642157063691915], [-101.09217155361442, 19.642427993513078], [-101.09188559338115, 19.642431320337845], [-101.09188910455798, 19.642702250199807], [-101.09217506527037, 19.642698923325487], [-101.09218208875718, 19.643240782924025], [-101.0927540119236, 19.643234127615067]]]}}, {"type": "Feature", "properties": {"_h": "59e6bbdd-eed3-58db-910b-1c534d4dae38", "clase": 1, "anio": 2015, "area_ha": 0.72, "cerro": "Cerro del Águila"}, "geometry": {"type": "Polygon", "coordinates": [[[-101.36667325271173, 19.639566636306135], [-101.36666530984773, 19.63902487807436], [-101.3663794092473, 19.63902864055491], [-101.36637543839286, 19.638757761369597], [-101.36580363795153, 19.638765284857815], [-101.36581554784064, 19.639577922723184], [-101.36667325271173, 19.639566636306135]]]}}, {"type": "Feature", "properties": {"_h": "8ce3dd4e-b3fb-5d7d-b4d4-31371697259e", "clase": 2, "anio": 2016, "area_ha": 1.71, "cerro": "Cerro del Águila"}, "geometry": {"type": "Polygon", "coordinates": [[[-101.38469692285344, 19.640141305148475], [-101.38469292103373, 19.639870429608237], [-101.38497881931289, 19.63986663787219], [-101.38497481708096, 19.63959576237949], [-101.38468891928045, 19.639599554059064], [-101.38468091597323, 19.639057802933927], [-101.38439501906358, 19.639061594046964], [-101.38439101798825, 19.63879071841453], [-101.38381922492694, 19.638798299166947], [-101.38381122489005, 19.638256547649448], [-101.38352532921702, 19.638260337232396], [-101.38352932872364, 19.638531213052055], [-101.38324343250558, 19.638535002237884], [-101.38324743159998, 19.63880587810506], [-101.3829615348369, 19.63880966689375], [-101.38296553351906, 19.63908054280843], [-101.38353732793608, 19.63907296466459], [-101.3835413276419, 19.639343840457457], [-101.38382722522947, 19.639340050648716], [-101.38383122548035, 19.639610926376207], [-101.38411712348014, 19.639607136057418], [-101.38412112427609, 19.639878011719528], [-101.38440702268814, 19.639874220890686], [-101.38441102402918, 19.64014509648739], [-101.38469692285344, 19.640141305148475]]]}}, {"type": "Feature", "properties": {"_h": "238cec09-2e11-5410-8725-9197278f59b0", "clase": 2, "anio": 2014, "area_ha": 0.63, "cerro": "Cerro del Águila"}, "geometry": {"type": "Polygon", "coordinates": [[[-101.388683465729, 19.639004679725723], [-101.388675449286, 19.638462930147423], [-101.3881036591763, 19.638470524393842], [-101.38809965201182, 19.63819964947817], [-101.38781375733578, 19.63820344586449], [-101.38782577759291, 19.639016070754344], [-101.388683465729, 19.639004679725723]]]}}, {"type": "Feature", "properties": {"_h": "8935bbd3-28e7-59b7-986e-9d0e5c0e9c3b", "clase": 1, "anio": 2012, "area_ha": 0.63, "cerro": "Pico Azul–La Escalera"}, "geometry": {"type": "Polygon", "coordinates": [[[-101.10389587288562, 19.64229120280292], [-101.10389234164461, 19.6420202750194], [-101.10417829894308, 19.642016929176563], [-101.10417123567882, 19.641475073682912], [-101.1035993229396, 19.64148176471526], [-101.10360285358425, 19.641752692566136], [-101.10331689664763, 19.641756037451184], [-101.1033239571546, 19.64229789322631], [-101.10389587288562, 19.64229120280292]]]}}, {"type": "Feature", "properties": {"_h": "3a6cb99f-4703-5513-948b-25fb0bb53c6e", "clase": 1, "anio": 2017, "area_ha": 1.26, "cerro": "Cerro del Águila"}, "geometry": {"type": "Polygon", "coordinates": [[[-101.37467448466275, 19.639190222006878], [-101.37467049986127, 19.638919344458508], [-101.37495639854636, 19.638915568823695], [-101.3749524133324, 19.638644691322632], [-101.37438061685334, 19.638652242026193], [-101.37436866448022, 19.637839609132048], [-101.37408276757735, 19.637843383634774], [-101.37407878406387, 19.637572505929327], [-101.37350699101694, 19.637580053461654], [-101.37351495619555, 19.6381218090885], [-101.37322905861566, 19.638125582286744], [-101.37323304082553, 19.638396460142985], [-101.37409073480269, 19.638385139018908], [-101.37409870229261, 19.63892689436735], [-101.37438460111001, 19.638923119639724], [-101.37438858543284, 19.63919399724433], [-101.37467448466275, 19.639190222006878]]]}}, {"type": "Feature", "properties": {"_h": "3730ee67-45c4-5598-9549-cd932dc7db59", "clase": 2, "anio": 2016, "area_ha": 1.35, "cerro": "Cerro del Águila"}, "geometry": {"type": "Polygon", "coordinates": [[[-101.38496281078385, 19.638783135847827], [-101.3849588088177, 19.638512260319406], [-101.38524470463722, 19.638508468412176], [-101.38523669994701, 19.63796671744151], [-101.38495080508473, 19.63797050923578], [-101.38494280161753, 19.637428758116428], [-101.38408511950361, 19.637440130439092], [-101.38408911976822, 19.637711006172644], [-101.38380322511881, 19.637714796096237], [-101.38380722497122, 19.637985671877313], [-101.38437901516083, 19.63797809146365], [-101.38438301603688, 19.638248967122873], [-101.38409712049668, 19.638252757612943], [-101.38410112096052, 19.6385236333197], [-101.38467291293173, 19.63851605177307], [-101.38467691441927, 19.638786927357966], [-101.38496281078385, 19.638783135847827]]]}}, {"type": "Feature", "properties": {"_h": "dfab0eb2-6e9a-5c22-a042-05a8ab25ca3e", "clase": 1, "anio": 2017, "area_ha": 0.99, "cerro": "Cerro del Águila"}, "geometry": {"type": "Polygon", "coordinates": [[[-101.37609600549648, 19.638629584472547], [-101.37608803143802, 19.638087829893706], [-101.3763739283563, 19.63808405215978], [-101.3763659536054, 19.63754229765778], [-101.375222369364, 19.637557405421987], [-101.3752263547919, 19.637828282902493], [-101.37551225143015, 19.637824506585524], [-101.37551623740286, 19.638095384000856], [-101.37523034028601, 19.638099160374082], [-101.37523432584626, 19.638370037836744], [-101.37552022344174, 19.63836626140727], [-101.3755242095468, 19.63863713880475], [-101.37609600549648, 19.638629584472547]], [[-101.37608803143802, 19.638087829893706], [-101.37580213445354, 19.63809160717407], [-101.3757981480022, 19.637820729814987], [-101.37608404450808, 19.6378169525909], [-101.37608803143802, 19.638087829893706]]]}}, {"type": "Feature", "properties": {"_h": "480155ab-c21f-538d-8a54-96129f547a60", "clase": 1, "anio": 2015, "area_ha": 0.72, "cerro": "Cerro del Águila"}, "geometry": {"type": "Polygon", "coordinates": [[[-101.38609838788287, 19.638226214657717], [-101.38609438413516, 19.637955339337406], [-101.38552259474285, 19.637962925193698], [-101.38551859201884, 19.637692049751454], [-101.38580448626962, 19.637688257106582], [-101.38580048313345, 19.63741738171191], [-101.38494280161753, 19.637428758116428], [-101.38495080508473, 19.63797050923578], [-101.38523669994701, 19.63796671744151], [-101.38524070225888, 19.63823759293131], [-101.38609838788287, 19.638226214657717]]]}}, {"type": "Feature", "properties": {"_h": "0d00e599-a906-5ebf-bf57-3a81a087c031", "clase": 1, "anio": 2014, "area_ha": 1.26, "cerro": "Cerro del Águila"}, "geometry": {"type": "Polygon", "coordinates": [[[-101.38782577759291, 19.639016070754344], [-101.38781375733578, 19.63820344586449], [-101.38809965201182, 19.63819964947817], [-101.38809163788248, 19.637657899620038], [-101.38837753153479, 19.637654102893272], [-101.38836951671439, 19.637112353112524], [-101.38808362401925, 19.637116149726165], [-101.38807961718743, 19.636845274765836], [-101.38779372490431, 19.636849070869406], [-101.38780574416364, 19.63766169589325], [-101.38751985037828, 19.637665491712927], [-101.38752786259322, 19.638207241797247], [-101.38695607290856, 19.638214832302108], [-101.38696007815858, 19.638485707443934], [-101.38753186880045, 19.638478116826008], [-101.3875398814145, 19.639019866856735], [-101.38782577759291, 19.639016070754344]]]}}, {"type": "Feature", "properties": {"_h": "5212d981-3664-5b53-9503-92e9e1985e9a", "clase": 1, "anio": 2021, "area_ha": 0.54, "cerro": "Pico Azul–La Escalera"}, "geometry": {"type": "Polygon", "coordinates": [[[-101.09844857577951, 19.641270973535967], [-101.0984415320297, 19.64072911599873], [-101.0987274880454, 19.64072577903019], [-101.09872396577916, 19.64045485029815], [-101.09843801024249, 19.64045818721697], [-101.09843448851379, 19.64018725842646], [-101.0981485333977, 19.64019059484163], [-101.09815205464739, 19.64046152368185], [-101.09786609899378, 19.640464859692777], [-101.09786961982284, 19.64073578857393], [-101.0981555759555, 19.64073245251331], [-101.09816261874718, 19.64127431014995], [-101.09844857577951, 19.641270973535967]]]}}, {"type": "Feature", "properties": {"_h": "47f25e00-7fcf-585a-ad6c-0fd87d01e8ad", "clase": 1, "anio": 1993, "area_ha": 0.63, "cerro": "Cerro del Águila"}, "geometry": {"type": "Polygon", "coordinates": [[[-101.34348748613843, 19.637973750966378], [-101.34347962173626, 19.637431983574583], [-101.34290781654283, 19.63743943381872], [-101.34289995431638, 19.63689766616934], [-101.34261405257904, 19.636901390500064], [-101.342617983181, 19.63717227438469], [-101.34233208089975, 19.63717599831731], [-101.34233601108834, 19.637446882248504], [-101.34262191384822, 19.63744315826041], [-101.34262584458071, 19.63771404212723], [-101.34319765086198, 19.637706592679297], [-101.34320158261707, 19.637977476426236], [-101.34348748613843, 19.637973750966378]]]}}, {"type": "Feature", "properties": {"_h": "74c14c36-a72c-52db-9cd4-5f6663a94f5a", "clase": 1, "anio": 2014, "area_ha": 1.17, "cerro": "Cerro del Águila"}, "geometry": {"type": "Polygon", "coordinates": [[[-101.38751584437058, 19.63739461665737], [-101.38750382674654, 19.636581991437097], [-101.3869320428049, 19.63658958126356], [-101.38692803802036, 19.636318706059207], [-101.38664214642836, 19.636322500235647], [-101.38663814218887, 19.636051624965845], [-101.3860663597625, 19.63605921184517], [-101.38607436639376, 19.63660096260189], [-101.38636025859729, 19.636597169275966], [-101.3863642624912, 19.636868044584418], [-101.38693604765594, 19.63686045645898], [-101.3869440575575, 19.637402206823023], [-101.38751584437058, 19.63739461665737]]]}}, {"type": "Feature", "properties": {"_h": "5e5bfa89-89aa-5a2b-9c9b-5fcee72fab2c", "clase": 1, "anio": 2020, "area_ha": 2.16, "cerro": "Pico Azul–La Escalera"}, "geometry": {"type": "Polygon", "coordinates": [[[-101.10044674811024, 19.64097667611077], [-101.10043969777053, 19.640434819252263], [-101.10101160796614, 19.640428138605387], [-101.10101513406484, 19.640699066939497], [-101.10130108955387, 19.640695725885372], [-101.10129756297613, 19.640424797601025], [-101.10186947282041, 19.64041811423047], [-101.10186594534315, 19.640147186036938], [-101.10215189969838, 19.640143843720534], [-101.10214484396148, 19.63960198740677], [-101.10157293710856, 19.63960867138648], [-101.10157646398967, 19.639879599647323], [-101.10129050999632, 19.639882941006068], [-101.10128698359425, 19.63961201269545], [-101.10071507638995, 19.63961869395161], [-101.10072212733652, 19.64016055076316], [-101.10015021798193, 19.640167230402632], [-101.10014669343745, 19.639896301901725], [-101.09986073915141, 19.639899640990805], [-101.09986426321683, 19.64017056954146], [-101.09929235351112, 19.640177246457284], [-101.09929587667698, 19.64044817509865], [-101.09958183203814, 19.640444836817974], [-101.09958535574155, 19.640715765400838], [-101.10015726724646, 19.640709087378166], [-101.1001607919665, 19.64098001585279], [-101.10044674811024, 19.64097667611077]]]}}, {"type": "Feature", "properties": {"_h": "965cd7e3-f890-5ecc-ad7f-2ea083465418", "clase": 1, "anio": 0, "area_ha": 2.25, "cerro": "Cerro del Águila"}, "geometry": {"type": "Polygon", "coordinates": [[[-101.3451989707897, 19.637680505323228], [-101.34519503574936, 19.63740962195599], [-101.34548093785625, 19.637405893432], [-101.34547700240262, 19.637135010111404], [-101.34576290396551, 19.637131281189372], [-101.34575896809858, 19.636860397915417], [-101.34661667095926, 19.63684920859454], [-101.34660879654975, 19.636307442353292], [-101.34632289661879, 19.63631117246935], [-101.34631895999068, 19.6360402892798], [-101.34546126124145, 19.636051476739954], [-101.34545732611453, 19.635780593374836], [-101.34517142687936, 19.635784321565573], [-101.34516749229635, 19.63551343813601], [-101.34430979563467, 19.63552461982035], [-101.3443137287819, 19.635795503416503], [-101.34459962821303, 19.63579177658641], [-101.34460356190417, 19.63606266011813], [-101.3451753615277, 19.63605520498623], [-101.34518323102036, 19.63659697180085], [-101.34489733028403, 19.636600699704644], [-101.34491306813884, 19.63768423344917], [-101.3451989707897, 19.637680505323228]], [[-101.34547700240262, 19.637135010111404], [-101.34519110077436, 19.637138738579853], [-101.34518716586469, 19.6368678551948], [-101.34547306701431, 19.636864126781894], [-101.34547700240262, 19.637135010111404]], [[-101.345755032297, 19.636589514632558], [-101.34546913169136, 19.63659324344349], [-101.34546519643374, 19.636322360096173], [-101.34575109656078, 19.636318631340796], [-101.345755032297, 19.636589514632558]]]}}, {"type": "Feature", "properties": {"_h": "d1a9f99d-7925-5e63-8aef-c2325948c553", "clase": 1, "anio": 2018, "area_ha": 0.54, "cerro": "Cerro del Águila"}, "geometry": {"type": "Polygon", "coordinates": [[[-101.35661129903379, 19.635905721367777], [-101.35660339151558, 19.635363958971418], [-101.35545980631206, 19.635378939541976], [-101.35546771000166, 19.635920702384695], [-101.35575360735814, 19.63591695781077], [-101.35574965500196, 19.63564607644965], [-101.35632144856086, 19.63563858605279], [-101.35632540187422, 19.635909467302312], [-101.35661129903379, 19.635905721367777]]]}}, {"type": "Feature", "properties": {"_h": "c7e8307f-2503-5c5d-a5a5-ea2fe1d2841a", "clase": 1, "anio": 2015, "area_ha": 0.9, "cerro": "Cerro del Águila"}, "geometry": {"type": "Polygon", "coordinates": [[[-101.38577646571223, 19.635792129156318], [-101.38576846043685, 19.635250378233014], [-101.38605435031413, 19.63524658564311], [-101.38605034729761, 19.63497571022456], [-101.38576445789886, 19.63497950275796], [-101.38576045542732, 19.63470862727398], [-101.3846168990818, 19.634723792646888], [-101.3846208996393, 19.634994668356804], [-101.38490678930384, 19.634990877637307], [-101.38491079040628, 19.63526175328182], [-101.38548257049311, 19.63525417036943], [-101.38549057481143, 19.635795921405727], [-101.38577646571223, 19.635792129156318]]]}}, {"type": "Feature", "properties": {"_h": "49df8baa-6849-54c3-b3ad-f5410332eae5", "clase": 2, "anio": 2021, "area_ha": 1.62, "cerro": "Cerro del Águila"}, "geometry": {"type": "Polygon", "coordinates": [[[-101.35920416199622, 19.637226390870076], [-101.35920020356848, 19.636955510223462], [-101.35948610198555, 19.6369517595301], [-101.35947422566085, 19.636139117704417], [-101.35976012257642, 19.636135366725128], [-101.3597561634544, 19.635864486154617], [-101.36004205982563, 19.635860734777683], [-101.36003414082167, 19.6353189737217], [-101.36032003617002, 19.63531522200302], [-101.36031607628809, 19.635044341517542], [-101.35974428648277, 19.635051844389615], [-101.35974824540757, 19.635322724986867], [-101.35946234992774, 19.635326475798518], [-101.35947026701743, 19.635868237078025], [-101.35918437051471, 19.6358719875479], [-101.35919228691014, 19.636413748903507], [-101.35804869641346, 19.63642874669453], [-101.35805265279537, 19.636699627582395], [-101.35862444913232, 19.636692129482277], [-101.35862840653712, 19.63696301024953], [-101.35891430508566, 19.63695926046328], [-101.35891826303478, 19.637230141165755], [-101.35920416199622, 19.637226390870076]]]}}, {"type": "Feature", "properties": {"_h": "0414be79-e624-5058-89fe-4c168a398569", "clase": 1, "anio": 2023, "area_ha": 0.54, "cerro": "Pico Azul–La Escalera"}, "geometry": {"type": "Polygon", "coordinates": [[[-101.09298376905919, 19.638895923890008], [-101.09298025678245, 19.638624994103747], [-101.09326621007558, 19.638621666157114], [-101.09325918473911, 19.638079806657483], [-101.0926872800105, 19.638086461898535], [-101.0926907916916, 19.63835739175188], [-101.09240483876081, 19.638360718741122], [-101.09240835002122, 19.63863164863529], [-101.092694303431, 19.63862832159647], [-101.09269781522872, 19.638899251432306], [-101.09298376905919, 19.638895923890008]]]}}, {"type": "Feature", "properties": {"_h": "52f61675-0601-52c0-8e89-0739df6e3f38", "clase": 1, "anio": 2018, "area_ha": 0.63, "cerro": "Cerro del Águila"}, "geometry": {"type": "Polygon", "coordinates": [[[-101.34031112989204, 19.635847631415043], [-101.34030327706353, 19.635305862660655], [-101.34058917645108, 19.63530214229113], [-101.34058132292618, 19.634760373611996], [-101.34029542449579, 19.634764093870665], [-101.34029935074706, 19.635034978270113], [-101.34001345177289, 19.63503869813067], [-101.34001737761076, 19.635309582576635], [-101.33973147809283, 19.63531330203908], [-101.33973932900696, 19.63585507101513], [-101.34031112989204, 19.635847631415043]]]}}, {"type": "Feature", "properties": {"_h": "286f7e30-2d6d-5d43-beb2-b14f374cf451", "clase": 2, "anio": 1997, "area_ha": 0.63, "cerro": "Cerro del Águila"}, "geometry": {"type": "Polygon", "coordinates": [[[-101.38690401070947, 19.634693454645554], [-101.38689600213777, 19.63415170410289], [-101.38661011437395, 19.63415549782716], [-101.38660611066632, 19.63388462248591], [-101.38603433589621, 19.633892208461067], [-101.38603833864686, 19.63416308391533], [-101.38632422654365, 19.634159291097973], [-101.38632822983926, 19.634430166486805], [-101.38604234146398, 19.63443395936067], [-101.38604634434756, 19.63470483479708], [-101.38690401070947, 19.634693454645554]]]}}, {"type": "Feature", "properties": {"_h": "b8ec886e-d284-58e6-beed-6ea02290f1f0", "clase": 1, "anio": 2018, "area_ha": 0.72, "cerro": "Cerro del Águila"}, "geometry": {"type": "Polygon", "coordinates": [[[-101.34316619917146, 19.63553952238322], [-101.3431622680039, 19.63526863855615], [-101.34344816673905, 19.635264913651238], [-101.34344423515817, 19.634994029870757], [-101.34401603147546, 19.634986578811336], [-101.34401209900274, 19.634715695132957], [-101.34429799658487, 19.63471196897847], [-101.34429406369888, 19.6344410853467], [-101.34372226942645, 19.63444853709114], [-101.34372620135531, 19.634719420833925], [-101.3431544058646, 19.634726870875294], [-101.34315833690161, 19.63499775472017], [-101.34287243857976, 19.635001479116056], [-101.34288029989244, 19.635543246890084], [-101.34316619917146, 19.63553952238322]]]}}, {"type": "Feature", "properties": {"_h": "c4453f9c-9f22-5aff-b3ec-8f2769b626b4", "clase": 1, "anio": 2007, "area_ha": 1.44, "cerro": "Cerro del Águila"}, "geometry": {"type": "Polygon", "coordinates": [[[-101.39491288565173, 19.634857916766965], [-101.39490485015111, 19.634316169412802], [-101.39519073646197, 19.634312362481804], [-101.39517868227594, 19.633499741553692], [-101.39575045182669, 19.633492126671715], [-101.3957464329412, 19.633221253124585], [-101.39488877995038, 19.63323267459724], [-101.3948927974005, 19.63350354831454], [-101.39403514237391, 19.633514965876497], [-101.39403915845533, 19.63378583975496], [-101.39375327283462, 19.633789644758778], [-101.39375728850426, 19.634060518684993], [-101.39461494660175, 19.63404910214315], [-101.39462699831718, 19.634861723357933], [-101.39491288565173, 19.634857916766965]]]}}, {"type": "Feature", "properties": {"_h": "dde9c52b-116f-5b3d-8424-d39746dd285f", "clase": 1, "anio": 1997, "area_ha": 0.54, "cerro": "Cerro del Águila"}, "geometry": {"type": "Polygon", "coordinates": [[[-101.37802946122788, 19.633998221662807], [-101.37802547194134, 19.633727344620166], [-101.37831136073919, 19.633723564612385], [-101.3783073710404, 19.63345268761714], [-101.37716381736557, 19.633467804702295], [-101.37716780515039, 19.633738681922768], [-101.37745369414695, 19.63373490327536], [-101.37745768247649, 19.63400578043061], [-101.37802946122788, 19.633998221662807]]]}}, {"type": "Feature", "properties": {"_h": "8f6c0365-830f-5e67-8744-c41261db96ab", "clase": 2, "anio": 2015, "area_ha": 1.08, "cerro": "Cerro del Águila"}, "geometry": {"type": "Polygon", "coordinates": [[[-101.38375523206962, 19.63446428602689], [-101.38374723415777, 19.63392253422366], [-101.38346134614156, 19.633926322903452], [-101.38345734776371, 19.633655446932], [-101.38288557248912, 19.63366302281835], [-101.3828775778465, 19.633121270622922], [-101.38259169106658, 19.63312505777307], [-101.38259968475224, 19.633666810081355], [-101.38231379694899, 19.633670596890912], [-101.38232178994316, 19.634212349276314], [-101.38289356739723, 19.63420477497807], [-101.38288956990998, 19.633933898902676], [-101.38317545805897, 19.633930111129793], [-101.38318345405685, 19.634471863158794], [-101.38375523206962, 19.63446428602689]]]}}, {"type": "Feature", "properties": {"_h": "c5b529c9-cc2a-52b5-af61-12b3bff151c5", "clase": 1, "anio": 2015, "area_ha": 8.46, "cerro": "Cerro del Águila"}, "geometry": {"type": "Polygon", "coordinates": [[[-101.38408911976822, 19.637711006172644], [-101.38408511950361, 19.637440130439092], [-101.38494280161753, 19.637428758116428], [-101.38493879998359, 19.63715788254336], [-101.3852246934101, 19.63715409091854], [-101.38522069136401, 19.636883215393016], [-101.38493479841608, 19.636887006961352], [-101.38493079691501, 19.636616131370424], [-101.3846449043792, 19.636619922428764], [-101.38464090342315, 19.636349046772427], [-101.3849267954804, 19.63634525577056], [-101.38491879281047, 19.63580350454405], [-101.38463290171032, 19.635807295432958], [-101.3846249002632, 19.635265544057784], [-101.38433901005371, 19.635269334380272], [-101.38433100982934, 19.634727582856435], [-101.38404512051046, 19.634731372612507], [-101.38405711951106, 19.635544000054242], [-101.38348533780291, 19.63555157854467], [-101.38348933664552, 19.63582245445362], [-101.38291755371472, 19.635830031242953], [-101.38291355582919, 19.635559155221127], [-101.38262766474274, 19.635562942879115], [-101.38262366740213, 19.63529206679193], [-101.38290955801003, 19.635288279190377], [-101.38290556025727, 19.635017403150687], [-101.38319145032027, 19.635013615152076], [-101.38319544855156, 19.635284491135334], [-101.38376722943545, 19.635276913664768], [-101.38375923112517, 19.63473516191511], [-101.38347334167347, 19.634738950764238], [-101.38346934309642, 19.63446807481957], [-101.38318345405685, 19.634471863158794], [-101.38317545805897, 19.633930111129793], [-101.38288956990998, 19.633933898902676], [-101.38289356739723, 19.63420477497807], [-101.38232178994316, 19.634212349276314], [-101.3823177934129, 19.633941473088075], [-101.38146012816956, 19.63395283096527], [-101.38145213817903, 19.633411078223574], [-101.38173802570286, 19.633407292830764], [-101.38174202114344, 19.633678169149675], [-101.3820279090794, 19.633674383247023], [-101.38202391316034, 19.633403506984507], [-101.38230980055147, 19.633399720684817], [-101.38231379694899, 19.633670596890912], [-101.38259968475224, 19.633666810081355], [-101.38259169106658, 19.63312505777307], [-101.38230580422028, 19.63312884446979], [-101.38230180795547, 19.632857968245837], [-101.38201592152127, 19.632861754432717], [-101.38201991730763, 19.633132630713074], [-101.38116225617158, 19.63314398672231], [-101.38116625058886, 19.633414863162944], [-101.38088036293237, 19.633418647648867], [-101.38088435693751, 19.633689524136948], [-101.38117024507248, 19.633685739594643], [-101.38117823423872, 19.634227492431265], [-101.38146412326435, 19.63422370732272], [-101.38146811842546, 19.634494583671255], [-101.38175400786325, 19.634490798052852], [-101.38176199934153, 19.63503255061033], [-101.38233377993213, 19.635024977787474], [-101.38234177358993, 19.635566730083603], [-101.38205588237075, 19.635570516834594], [-101.38205987882066, 19.635841393025682], [-101.38234577051838, 19.63583760621827], [-101.38235376457438, 19.636379358460843], [-101.38263965716284, 19.636375571087086], [-101.38264765244145, 19.6369173231811], [-101.38293354592066, 19.636913535240982], [-101.38293754413812, 19.63718441121816], [-101.38350933185458, 19.63717683386446], [-101.383517330403, 19.637718585566287], [-101.38408911976822, 19.637711006172644]], [[-101.38379522561321, 19.63717304450731], [-101.38350933185458, 19.63717683386446], [-101.38350533267997, 19.63690595800015], [-101.38379122596002, 19.636902168699446], [-101.38379522561321, 19.63717304450731]], [[-101.38464090342315, 19.636349046772427], [-101.38435501129948, 19.63635283732077], [-101.3843510108884, 19.63608196159904], [-101.38463690253353, 19.63607817110716], [-101.38464090342315, 19.636349046772427]], [[-101.3843510108884, 19.63608196159904], [-101.3837792273989, 19.636089541222287], [-101.38377522801134, 19.63581866537871], [-101.38434701054375, 19.63581108586838], [-101.3843510108884, 19.63608196159904]], [[-101.38318745215535, 19.634742739159893], [-101.38290156257088, 19.634746527102074], [-101.38289756495087, 19.63447565104454], [-101.38318345405685, 19.634471863158794], [-101.38318745215535, 19.634742739159893]]]}}, {"type": "Feature", "properties": {"_h": "d32a0dfd-e813-52b4-8cd8-e0f939d3582d", "clase": 1, "anio": 2008, "area_ha": 1.08, "cerro": "Cerro del Águila"}, "geometry": {"type": "Polygon", "coordinates": [[[-101.35029788777565, 19.63436273250701], [-101.35029394490545, 19.63409185003369], [-101.3505798400919, 19.634088114013156], [-101.35057589680862, 19.63381723158659], [-101.351147686028, 19.63380975829638], [-101.35114374185315, 19.63353887597224], [-101.35057195359084, 19.633546349151118], [-101.35056801043854, 19.63327546670674], [-101.34971032898954, 19.63328667290694], [-101.34971427070629, 19.633557555518287], [-101.3500001650666, 19.63355382051605], [-101.35000410732734, 19.633824703062842], [-101.34971821248851, 19.63382843812073], [-101.34972609624927, 19.634370203298893], [-101.35029788777565, 19.63436273250701]]]}}, {"type": "Feature", "properties": {"_h": "e375de25-1fdf-5a6d-9cf4-ad0c05e20aaa", "clase": 1, "anio": 2015, "area_ha": 18.27, "cerro": "Cerro del Águila"}, "geometry": {"type": "Polygon", "coordinates": [[[-101.36607365736118, 19.637678006285924], [-101.36606968731499, 19.637407126999996], [-101.36635558510952, 19.637403365309265], [-101.36635161465061, 19.637132486070442], [-101.36692340908469, 19.637124961440403], [-101.36691943773451, 19.636854082304755], [-101.36663354102905, 19.6368578447905], [-101.36662559948368, 19.636316086380354], [-101.36633970366947, 19.636319848300463], [-101.36632779328163, 19.635507210450236], [-101.36689958197272, 19.63549968649274], [-101.3669035529932, 19.63577056567297], [-101.3671894477184, 19.6357668029579], [-101.36718547621935, 19.63549592383372], [-101.36747137040004, 19.635492160721192], [-101.36746739848839, 19.635221281644146], [-101.3680391856948, 19.635213754170696], [-101.36804315856357, 19.635484633135594], [-101.36832905254637, 19.635480868662526], [-101.36833302595967, 19.635751747562416], [-101.36861892035506, 19.63574798257975], [-101.3686268683367, 19.63628974024061], [-101.36891276362326, 19.636285974692235], [-101.36891673819163, 19.636556853453186], [-101.36920263389078, 19.63655308739518], [-101.36919070894788, 19.63574045125387], [-101.36890481468446, 19.635744217143568], [-101.36890084031407, 19.63547333835586], [-101.36861494646321, 19.635477103735948], [-101.36861097263736, 19.63520622488322], [-101.36832507919907, 19.635209989753708], [-101.36831713270236, 19.634668231909316], [-101.36803124015518, 19.634671996214134], [-101.36801932234052, 19.633859359212423], [-101.36744753991937, 19.633866886125166], [-101.36744356840343, 19.63359600699462], [-101.36658589571265, 19.633607293794526], [-101.36658192569813, 19.633336414486894], [-101.36629603514785, 19.63334017579056], [-101.36629206567775, 19.633069296417975], [-101.36572028533644, 19.633076817552862], [-101.36572425384954, 19.63334769703751], [-101.36601014453164, 19.63334393664077], [-101.36601411358916, 19.63361481606047], [-101.36630000468385, 19.633611055154233], [-101.36630397428578, 19.633881934508985], [-101.36601808271257, 19.633885695471257], [-101.36602602115714, 19.63442745426607], [-101.36574012856099, 19.634431214886927], [-101.36573615978428, 19.634160335437947], [-101.36545026760074, 19.634164095549295], [-101.36544233120203, 19.63362233651254], [-101.36515643990963, 19.633626096058375], [-101.3651643753513, 19.634167855207153], [-101.36487848303598, 19.63417161441153], [-101.36487451576072, 19.633900734785595], [-101.36458862385804, 19.63390449348049], [-101.3645965575174, 19.634446252835446], [-101.36488245037712, 19.63444249402855], [-101.36489038525704, 19.63498425323584], [-101.36517627900795, 19.63498049386344], [-101.3651842151085, 19.635522252923046], [-101.36547010975065, 19.63551849298512], [-101.3654740783783, 19.63578937244553], [-101.36575997343311, 19.635785611998063], [-101.36576394260524, 19.636056491393536], [-101.36490625580744, 19.636067771543416], [-101.36490228807102, 19.6357968919799], [-101.36461639281855, 19.6358006510668], [-101.36460845850047, 19.635258891801012], [-101.36403666971218, 19.635266408390276], [-101.36403270360904, 19.634995528632018], [-101.36374680959464, 19.634999286190407], [-101.363734913116, 19.634186646694218], [-101.36344902047138, 19.634190403631173], [-101.36344109077187, 19.633648643810524], [-101.36315519901844, 19.63365240018207], [-101.36315123474596, 19.6333815202024], [-101.36286534340519, 19.633385276064512], [-101.36285741601469, 19.632843515966535], [-101.36257152556509, 19.632847271263273], [-101.36258341531409, 19.63365991156474], [-101.36286930719918, 19.63365615610014], [-101.36287327105897, 19.63392703612685], [-101.36315916335676, 19.63392328015282], [-101.3631631277609, 19.634194160114653], [-101.36230544923454, 19.634205426844172], [-101.36230941226893, 19.634476306964945], [-101.36116583806508, 19.63449132314587], [-101.36116979925112, 19.63476220348145], [-101.36088390505715, 19.634765956448856], [-101.36089182666946, 19.6353077172051], [-101.36117772182052, 19.635303964125868], [-101.36118960616797, 19.63611660502564], [-101.36204729553363, 19.636105342563507], [-101.3620393696981, 19.63556358230814], [-101.36261116036523, 19.63555607195616], [-101.36261512420724, 19.635826951976412], [-101.36290101992066, 19.63582319606419], [-101.36290498430706, 19.636094076019575], [-101.36319088043322, 19.636090319597862], [-101.36319484536403, 19.636361199488373], [-101.36376663837602, 19.63635368517241], [-101.36377060432984, 19.636624564942057], [-101.36434239803562, 19.636617048699975], [-101.36435033205524, 19.637158807988587], [-101.36520802499147, 19.63714752988787], [-101.36521199353594, 19.637418409350786], [-101.36549789152818, 19.63741464902075], [-101.36550186061714, 19.637685528418743], [-101.36607365736118, 19.637678006285924]], [[-101.36716561971328, 19.63414152807902], [-101.36687972785933, 19.634145290457763], [-101.36687575723445, 19.63387441122402], [-101.36716164860988, 19.63387064890133], [-101.36716561971328, 19.63414152807902]]]}}, {"type": "Feature", "properties": {"_h": "612c3b80-69d5-5865-bc84-1e3da88bbeb7", "clase": 1, "anio": 2015, "area_ha": 0.63, "cerro": "Cerro del Águila"}, "geometry": {"type": "Polygon", "coordinates": [[[-101.36515643990963, 19.633626096058375], [-101.36514453724125, 19.632813457268345], [-101.36400097715479, 19.63282849024504], [-101.36400494273107, 19.633099370074614], [-101.36429083332997, 19.633095612454632], [-101.36429479945062, 19.633366492219306], [-101.36458069046216, 19.633362734089868], [-101.36457672386302, 19.63309185438118], [-101.36486261433019, 19.633088095854287], [-101.36487054855134, 19.63362985515074], [-101.36515643990963, 19.633626096058375]]]}}, {"type": "Feature", "properties": {"_h": "f2ba5fd0-09c1-557f-a5ce-9d8fc1eaaea3", "clase": 1, "anio": 1997, "area_ha": 0.54, "cerro": "Cerro del Águila"}, "geometry": {"type": "Polygon", "coordinates": [[[-101.37430492854425, 19.633505565673637], [-101.37429696274282, 19.63296381008073], [-101.37401107445375, 19.632967583571425], [-101.37400310987378, 19.632425827830392], [-101.37371722247552, 19.63242960075522], [-101.37373314998608, 19.633513112426467], [-101.37430492854425, 19.633505565673637]]]}}, {"type": "Feature", "properties": {"_h": "87e33654-7f27-5bd0-a273-a0a63ec40cba", "clase": 1, "anio": 1996, "area_ha": 0.63, "cerro": "Cerro del Águila"}, "geometry": {"type": "Polygon", "coordinates": [[[-101.37945092365523, 19.633437563276814], [-101.3794469321088, 19.633166686497976], [-101.37973281961834, 19.633162904335627], [-101.37972084394133, 19.632350274114636], [-101.37914907172672, 19.632357837647813], [-101.37916503560092, 19.633441345042066], [-101.37945092365523, 19.633437563276814]]]}}, {"type": "Feature", "properties": {"_h": "4bacb0c1-982d-5a8f-bdd9-0772f6148895", "clase": 1, "anio": 2017, "area_ha": 1.53, "cerro": "Cerro del Águila"}, "geometry": {"type": "Polygon", "coordinates": [[[-101.3840411209764, 19.634460496780743], [-101.38402912277274, 19.633647869231865], [-101.38431501017766, 19.633644079701625], [-101.38431101043076, 19.633373203890603], [-101.38459689729079, 19.633369413963386], [-101.38460089751615, 19.633640289717945], [-101.38488678478821, 19.633636499280815], [-101.38487878344698, 19.633094747875717], [-101.38459289713187, 19.6330985381999], [-101.38458889703936, 19.632827662427488], [-101.38487478287603, 19.632823872159772], [-101.3848667819334, 19.63228212070111], [-101.38458089705362, 19.632285910855874], [-101.38458489701328, 19.63255678664615], [-101.38429901158865, 19.632560576403968], [-101.3843070107503, 19.633102328070652], [-101.38402112430236, 19.63310611748797], [-101.38402512350436, 19.633376993364386], [-101.3837392365115, 19.633380782384723], [-101.38373523778799, 19.633109906451857], [-101.38316346456006, 19.63311748301933], [-101.38316746232664, 19.633388359065087], [-101.38345334945227, 19.633384570951627], [-101.38346134614156, 19.633926322903452], [-101.38374723415777, 19.63392253422366], [-101.38375523206962, 19.63446428602689], [-101.3840411209764, 19.634460496780743]]]}}, {"type": "Feature", "properties": {"_h": "9b80f919-8b2d-5239-a9b7-910001280479", "clase": 1, "anio": 1996, "area_ha": 1.08, "cerro": "Cerro del Águila"}, "geometry": {"type": "Polygon", "coordinates": [[[-101.37630216513092, 19.633208260356696], [-101.37628223470796, 19.631853873231627], [-101.37513869066242, 19.631868976269946], [-101.37514665880546, 19.632410731596813], [-101.37571843287436, 19.632403180759468], [-101.3757264031959, 19.632944935825638], [-101.37601229108802, 19.6329411596143], [-101.37601627682652, 19.633212037077737], [-101.37630216513092, 19.633208260356696]], [[-101.37600431980957, 19.632399404660656], [-101.37571843287436, 19.632403180759468], [-101.37571444781287, 19.632132303213], [-101.3760003342696, 19.63212852717045], [-101.37600431980957, 19.632399404660656]]]}}, {"type": "Feature", "properties": {"_h": "699de419-23d9-5973-93db-ebc6462e893a", "clase": 1, "anio": 1993, "area_ha": 0.72, "cerro": "Pico Azul–La Escalera"}, "geometry": {"type": "Polygon", "coordinates": [[[-101.08551395492691, 19.636272981341875], [-101.08550695650273, 19.63573111901213], [-101.08522100690635, 19.635734434159676], [-101.08521750826036, 19.63546350293228], [-101.08493155908481, 19.635466817576592], [-101.08493505725187, 19.635737748853376], [-101.08407720793988, 19.63574769021139], [-101.08408420157468, 19.636289553034977], [-101.0843701523613, 19.63628623960408], [-101.08436665503592, 19.63601530824603], [-101.08522450561046, 19.636005365378324], [-101.08522800437267, 19.636276296588218], [-101.08551395492691, 19.636272981341875]]]}}, {"type": "Feature", "properties": {"_h": "0c17d484-9be1-5f87-84c6-16bf2d474d9e", "clase": 1, "anio": 2008, "area_ha": 0.72, "cerro": "Cerro del Águila"}, "geometry": {"type": "Polygon", "coordinates": [[[-101.35142174677586, 19.63299337413897], [-101.351417802319, 19.632722491843793], [-101.35170369485088, 19.632718754287716], [-101.35169974998104, 19.632447872039332], [-101.35198564196891, 19.632444134085482], [-101.3519777514688, 19.63190236967337], [-101.35140596934144, 19.631909844904843], [-101.3514099136018, 19.632180727226736], [-101.35112402196138, 19.632184464217993], [-101.35113585369996, 19.632997111297264], [-101.35142174677586, 19.63299337413897]]]}}, {"type": "Feature", "properties": {"_h": "545ec79b-7a7f-5d7c-b062-4f0a4aa568c7", "clase": 1, "anio": 2018, "area_ha": 0.81, "cerro": "Pico Azul–La Escalera"}, "geometry": {"type": "Polygon", "coordinates": [[[-101.11267190202943, 19.635414110513796], [-101.11266835740848, 19.635143184059345], [-101.11295430091093, 19.635139825394432], [-101.11295075586997, 19.634868898981253], [-101.11237886976397, 19.634875615757192], [-101.11238241384719, 19.63514654227045], [-101.11152458281012, 19.635156614180982], [-101.11152104016355, 19.63488568751765], [-101.11123509684573, 19.634889043863534], [-101.11123863901344, 19.635159970576886], [-101.1109526951579, 19.635163326518988], [-101.11095623690555, 19.635434253273576], [-101.11267190202943, 19.635414110513796]]]}}, {"type": "Feature", "properties": {"_h": "93df0238-3e31-5e38-ba0e-5a3d326b66a2", "clase": 1, "anio": 1998, "area_ha": 0.54, "cerro": "Cerro del Águila"}, "geometry": {"type": "Polygon", "coordinates": [[[-101.35713168653962, 19.632376773375782], [-101.35712773264414, 19.632105892177844], [-101.35655595192075, 19.63211338384472], [-101.35654804624065, 19.631571621198862], [-101.3562621567374, 19.631575366240536], [-101.35626610906617, 19.63184624762372], [-101.35598021901883, 19.63184999226776], [-101.35598417093476, 19.632120873697836], [-101.35627006146056, 19.632117128998004], [-101.35627401392061, 19.632388010363368], [-101.35713168653962, 19.632376773375782]]]}}, {"type": "Feature", "properties": {"_h": "5167b9fa-a674-5ae2-abfe-4025f1c7da12", "clase": 1, "anio": 1997, "area_ha": 0.72, "cerro": "Cerro del Águila"}, "geometry": {"type": "Polygon", "coordinates": [[[-101.35798935856769, 19.63236553230717], [-101.3579854032368, 19.632094651276724], [-101.35827129330299, 19.6320909034028], [-101.35825942626904, 19.63127826042551], [-101.35797353763822, 19.631282008131897], [-101.35797749277206, 19.631552889189084], [-101.35769160359712, 19.631556636497894], [-101.35769555831818, 19.631827517602], [-101.35740966859909, 19.631831264513213], [-101.35741757728132, 19.632373026806363], [-101.35798935856769, 19.63236553230717]]]}}, {"type": "Feature", "properties": {"_h": "c2addd6f-e2de-5427-aa1b-589884ad4251", "clase": 1, "anio": 2008, "area_ha": 0.99, "cerro": "Cerro del Águila"}, "geometry": {"type": "Polygon", "coordinates": [[[-101.35055618137449, 19.632462819320157], [-101.3505522384841, 19.632191936840144], [-101.35083813025548, 19.6321882007558], [-101.35083418695208, 19.631917318322547], [-101.3511200781795, 19.631913581840415], [-101.35111219081224, 19.631371817058554], [-101.35082630054174, 19.631375553429333], [-101.35083024371419, 19.63164643588039], [-101.34997257107446, 19.631657642439134], [-101.34997651287695, 19.63192852504827], [-101.34969062138762, 19.63193225971662], [-101.3496945627771, 19.6322031423725], [-101.3499804547449, 19.632199407648503], [-101.34998439667831, 19.632470290239823], [-101.35055618137449, 19.632462819320157]]]}}, {"type": "Feature", "properties": {"_h": "9b03e66c-c63e-597b-8acc-d41d21ee04d1", "clase": 2, "anio": 2018, "area_ha": 0.9, "cerro": "Pico Azul–La Escalera"}, "geometry": {"type": "Polygon", "coordinates": [[[-101.11238241384719, 19.63514654227045], [-101.11237886976397, 19.634875615757192], [-101.1126648128464, 19.63487225759612], [-101.11266126834319, 19.634601331124138], [-101.11237532573962, 19.634604689235175], [-101.11236823786751, 19.63406283616484], [-101.1120822961628, 19.634066193722024], [-101.11208583959058, 19.634337120311606], [-101.1115139550469, 19.634343834164692], [-101.1115174975758, 19.63461476084555], [-101.11180344035594, 19.634611404095878], [-101.11180698342254, 19.63488233071796], [-101.11152104016355, 19.63488568751765], [-101.11152458281012, 19.635156614180982], [-101.11238241384719, 19.63514654227045]]]}}, {"type": "Feature", "properties": {"_h": "a7ec30a7-b6d5-5a79-825d-45529cbbc028", "clase": 1, "anio": 1997, "area_ha": 0.54, "cerro": "Cerro del Águila"}, "geometry": {"type": "Polygon", "coordinates": [[[-101.35454286894748, 19.63132694524178], [-101.3545310211638, 19.63051430000802], [-101.35424513311506, 19.630518041652667], [-101.35424908183226, 19.630788923461918], [-101.35396319323951, 19.630792664708906], [-101.35396714154386, 19.631063546564995], [-101.3536812524071, 19.63106728741431], [-101.35368520029856, 19.63133816931724], [-101.35454286894748, 19.63132694524178]]]}}, {"type": "Feature", "properties": {"_h": "22411d79-b9ae-55e5-8a64-88d1db3dc5dc", "clase": 1, "anio": 2019, "area_ha": 0.72, "cerro": "Cerro del Águila"}, "geometry": {"type": "Polygon", "coordinates": [[[-101.3393945601438, 19.6317955211156], [-101.3393906361103, 19.631524636443118], [-101.33967652899393, 19.631520918209894], [-101.33967260454712, 19.631250033583918], [-101.33938671214196, 19.631253751761744], [-101.33937886440077, 19.63071198237229], [-101.3388070813088, 19.630719417146043], [-101.33881100418989, 19.630990301956], [-101.33909689624691, 19.63098658474045], [-101.33910081967163, 19.63125746948613], [-101.33881492713614, 19.631261186757065], [-101.33882277322407, 19.631802956332496], [-101.3393945601438, 19.6317955211156]]]}}, {"type": "Feature", "properties": {"_h": "5a343e4d-3343-5afa-84a7-2f5c474a32b5", "clase": 2, "anio": 2019, "area_ha": 0.99, "cerro": "Cerro del Águila"}, "geometry": {"type": "Polygon", "coordinates": [[[-101.33682151695315, 19.631828965307783], [-101.33681759722602, 19.63155808013697], [-101.33710349069587, 19.631554365984787], [-101.33709565047992, 19.63101259572716], [-101.33738154292772, 19.63100888123223], [-101.33738546348161, 19.631279766310147], [-101.33824314186971, 19.631268619938627], [-101.3382392198804, 19.630997735026806], [-101.3376674353104, 19.631005166283856], [-101.33766351434316, 19.630734281252405], [-101.33680583843517, 19.63074542457116], [-101.33680975796703, 19.631016309768654], [-101.33652386538903, 19.631020023356715], [-101.33653562293972, 19.631832679061844], [-101.33682151695315, 19.631828965307783]]]}}, {"type": "Feature", "properties": {"_h": "8de3d720-c71e-5980-b7dc-3720508292da", "clase": 1, "anio": 1997, "area_ha": 0.54, "cerro": "Cerro del Águila"}, "geometry": {"type": "Polygon", "coordinates": [[[-101.3602566859493, 19.630981133165907], [-101.36025272711936, 19.63071025253783], [-101.36053861426757, 19.6307065013159], [-101.36053069584808, 19.6301647401448], [-101.3602448096567, 19.630168491254945], [-101.36024876835516, 19.630439371900845], [-101.35996288161964, 19.630443122613485], [-101.35996683990541, 19.630714003306366], [-101.35939506528031, 19.63072150348322], [-101.35939902267496, 19.630992384278947], [-101.3602566859493, 19.630981133165907]]]}}, {"type": "Feature", "properties": {"_h": "cca6392c-dc90-599a-a72b-55c3b1658743", "clase": 1, "anio": 2018, "area_ha": 3.15, "cerro": "Cerro del Águila"}, "geometry": {"type": "Polygon", "coordinates": [[[-101.31853194760848, 19.632607508746975], [-101.31852805837637, 19.63233662006603], [-101.31881395695332, 19.632332934825836], [-101.31881006730728, 19.632062046190917], [-101.31938186331031, 19.632054674459887], [-101.31937797277183, 19.631783785925926], [-101.31994976755938, 19.631776412490826], [-101.3199458761285, 19.631505524057843], [-101.32023177294683, 19.631501836715014], [-101.32022788110207, 19.631230948328096], [-101.31965608835779, 19.631238322450393], [-101.31965219753465, 19.630967433944708], [-101.31993809346062, 19.63096374716522], [-101.31993031105122, 19.630421970237055], [-101.31964441608223, 19.630425656906663], [-101.31964830677613, 19.630696545430123], [-101.31907651568734, 19.630703917518854], [-101.31908040548889, 19.630974806143286], [-101.31850861318472, 19.63098217652803], [-101.31851639106762, 19.63152395396989], [-101.31823049386166, 19.63152763859188], [-101.31822660536642, 19.63125674982049], [-101.31794070857438, 19.631260433934113], [-101.31794459659112, 19.6315313227604], [-101.31765869925601, 19.63153500647544], [-101.3176625868588, 19.631805895347732], [-101.31794848467243, 19.6318022115778], [-101.31795237281831, 19.632073100386314], [-101.31766647452615, 19.63207678421114], [-101.31767425005455, 19.632618561911293], [-101.31853194760848, 19.632607508746975]]]}}, {"type": "Feature", "properties": {"_h": "d7edfc7c-5c30-5967-8a73-5266738f336a", "clase": 1, "anio": 1997, "area_ha": 1.08, "cerro": "Pico Azul–La Escalera"}, "geometry": {"type": "Polygon", "coordinates": [[[-101.07691102016241, 19.634475712641425], [-101.07690753569486, 19.634204779940745], [-101.07719348409951, 19.6342014782501], [-101.07718302960741, 19.633388680243193], [-101.07689708263942, 19.633391981786225], [-101.07689359840334, 19.633121049050576], [-101.07632170525147, 19.633127650676876], [-101.07632518852981, 19.63339858351091], [-101.0760392413882, 19.633401883692553], [-101.07604272424551, 19.633672816567028], [-101.076328671866, 19.6336695163362], [-101.07633215526003, 19.633940449152753], [-101.07661810330154, 19.63393714841894], [-101.07662507122099, 19.634479013927436], [-101.07691102016241, 19.634475712641425]]]}}, {"type": "Feature", "properties": {"_h": "77baaa13-1b5a-5297-a0e4-b21cd82dc0b2", "clase": 1, "anio": 2019, "area_ha": 0.9, "cerro": "Cerro del Águila"}, "geometry": {"type": "Polygon", "coordinates": [[[-101.3382392198804, 19.630997735026806], [-101.33823529795625, 19.63072685010608], [-101.3385211896651, 19.630723133852776], [-101.33851726732762, 19.630452248978532], [-101.33765959344103, 19.630463396212047], [-101.33765567260401, 19.630192511162804], [-101.33736978165669, 19.630196225945106], [-101.33736586136324, 19.62992534083161], [-101.33707997082925, 19.62992905510514], [-101.33709173046961, 19.630741710585006], [-101.33766351434316, 19.630734281252405], [-101.3376674353104, 19.631005166283856], [-101.3382392198804, 19.630997735026806]]]}}, {"type": "Feature", "properties": {"_h": "62895d46-1c6c-5932-8665-8becdeeeb074", "clase": 1, "anio": 1998, "area_ha": 0.72, "cerro": "Pico Azul–La Escalera"}, "geometry": {"type": "Polygon", "coordinates": [[[-101.11578533570903, 19.632938806242095], [-101.11578178635095, 19.63266788025963], [-101.11549584774718, 19.632671243011526], [-101.11549229892687, 19.632400316970184], [-101.11520636074295, 19.632403679218235], [-101.11520281246035, 19.632132753118025], [-101.11434499899141, 19.632142836989527], [-101.11434854583761, 19.63241376324001], [-101.11463448419832, 19.63241040235315], [-101.11463803158223, 19.632681328544784], [-101.11520990908447, 19.63267460530968], [-101.11521345748493, 19.632945531392362], [-101.11578533570903, 19.632938806242095]]]}}, {"type": "Feature", "properties": {"_h": "e20e5824-4a64-56d4-9223-b5275f4d4494", "clase": 1, "anio": 1997, "area_ha": 1.71, "cerro": "Cerro del Águila"}, "geometry": {"type": "Polygon", "coordinates": [[[-101.37539668700758, 19.629969057659142], [-101.37539270302003, 19.629698179976124], [-101.37596446738829, 19.629690629357086], [-101.37594852827284, 19.62860711898585], [-101.37537676773147, 19.62861466915483], [-101.37538075145436, 19.628885546873537], [-101.37509487060608, 19.628889321334274], [-101.37508690418312, 19.62834756577545], [-101.37480102422538, 19.62835133967037], [-101.37480500692543, 19.628622217510486], [-101.3745191264232, 19.628625991008317], [-101.37453107348517, 19.629438624643832], [-101.37510283729364, 19.629431076857415], [-101.37511080424582, 19.62997283234487], [-101.37539668700758, 19.629969057659142]]]}}, {"type": "Feature", "properties": {"_h": "baa0d151-1db8-53bf-a8ac-a113f5a4cd6c", "clase": 1, "anio": 1997, "area_ha": 1.08, "cerro": "Cerro del Águila"}, "geometry": {"type": "Polygon", "coordinates": [[[-101.36052673673697, 19.629893859545888], [-101.3605227776916, 19.629622978938063], [-101.36109454796348, 19.62961547558124], [-101.36108662815646, 19.629073714562473], [-101.36137251223698, 19.629069962315832], [-101.36136459173629, 19.628528201373246], [-101.3610787086125, 19.628531953508052], [-101.36108266835159, 19.628802834039718], [-101.36079678468369, 19.628806585777088], [-101.36080074401018, 19.62907746635575], [-101.36022897552034, 19.629084968582234], [-101.36023293395581, 19.629355849263778], [-101.35994704913391, 19.629359599752863], [-101.3599549652453, 19.629901361201], [-101.36052673673697, 19.629893859545888]]]}}, {"type": "Feature", "properties": {"_h": "27738114-7f78-500d-a202-ef84f3e94f1e", "clase": 1, "anio": 2014, "area_ha": 0.99, "cerro": "Pico Azul–La Escalera"}, "geometry": {"type": "Polygon", "coordinates": [[[-101.1112067616219, 19.632721629841306], [-101.11120321998364, 19.6324507030491], [-101.11148915899192, 19.632447347153306], [-101.11148207493426, 19.63190549364262], [-101.11119613688356, 19.631908849438393], [-101.11119259542176, 19.631637922619895], [-101.11147853299366, 19.63163456687414], [-101.1114749911119, 19.631363640096893], [-101.11033124238652, 19.631377060157632], [-101.11033478235316, 19.631647987134876], [-101.11062072010151, 19.631644632750266], [-101.11062426060575, 19.631915559668766], [-101.11091019877406, 19.63191220478044], [-101.11092082207601, 19.632724985333365], [-101.1112067616219, 19.632721629841306]]]}}, {"type": "Feature", "properties": {"_h": "33ad60f3-a132-5fc2-87b2-b79c77bceda8", "clase": 1, "anio": 1997, "area_ha": 1.35, "cerro": "Pico Azul–La Escalera"}, "geometry": {"type": "Polygon", "coordinates": [[[-101.0760392413882, 19.633401883692553], [-101.07602182796933, 19.63204721918905], [-101.07573588316416, 19.632050518671036], [-101.07573240113274, 19.63177958569494], [-101.07516051230658, 19.631786183199292], [-101.07515703129064, 19.63151525011613], [-101.07458514319084, 19.63152184570715], [-101.07458862324913, 19.631792778888613], [-101.07487456780675, 19.631789481270832], [-101.07487804840169, 19.632060414394402], [-101.07516399338031, 19.632057116273714], [-101.07517095570128, 19.632598982396335], [-101.07545690157981, 19.632595683723565], [-101.07546038330587, 19.6328666167226], [-101.07574632960542, 19.63286331754688], [-101.07575329418877, 19.6334051834204], [-101.0760392413882, 19.633401883692553]]]}}, {"type": "Feature", "properties": {"_h": "37631c21-621b-58a5-a1bd-43b624c99ff3", "clase": 1, "anio": 1997, "area_ha": 0.63, "cerro": "Cerro del Águila"}, "geometry": {"type": "Polygon", "coordinates": [[[-101.36365958251261, 19.62903992802179], [-101.36365561840242, 19.628769048002518], [-101.36394150141231, 19.62876529173163], [-101.3639375368896, 19.62849441175942], [-101.36365165435805, 19.628498167974332], [-101.36363976261997, 19.62768552783631], [-101.36335388145763, 19.62768928342997], [-101.36336180826049, 19.628231043642835], [-101.36307592607565, 19.6282347988951], [-101.36307988909746, 19.628505679044125], [-101.36336577176067, 19.6285019237359], [-101.3633736989585, 19.629043683895294], [-101.36365958251261, 19.62903992802179]]]}}, {"type": "Feature", "properties": {"_h": "2c624749-3acd-5372-9e5d-2c6dc49ec7a4", "clase": 1, "anio": 2005, "area_ha": 24.57, "cerro": "Cerro del Águila"}, "geometry": {"type": "Polygon", "coordinates": [[[-101.34656549197149, 19.63332772738971], [-101.34656155558388, 19.63305684415778], [-101.34684744970673, 19.633053114255056], [-101.34684351290596, 19.632782231069793], [-101.34655761926162, 19.63278596091694], [-101.34655368300473, 19.632515077667197], [-101.34683957617057, 19.632511347875624], [-101.34683563950055, 19.632240464672552], [-101.34769331717031, 19.63222927274381], [-101.34768937913022, 19.63195838969859], [-101.34797527107753, 19.631954658204364], [-101.34797133262435, 19.631683775205843], [-101.34854311536581, 19.631676310968267], [-101.34853523674181, 19.631134545166947], [-101.34882112705749, 19.631130812479242], [-101.34880930817683, 19.630318163877337], [-101.34909519699174, 19.630314430903084], [-101.34908337726465, 19.629501782387916], [-101.34879748988499, 19.62950551519529], [-101.34878961135088, 19.62896374936274], [-101.34821783830888, 19.62897121339488], [-101.34821390009675, 19.628700330354015], [-101.34878567218198, 19.628692866433106], [-101.34878173307847, 19.62842198349457], [-101.34906761854458, 19.628418250909696], [-101.34907943748648, 19.629230899531713], [-101.34936532432232, 19.629227166326583], [-101.34936138413119, 19.62895628351711], [-101.34964727042319, 19.62895254991424], [-101.34964332981912, 19.6286816671515], [-101.34992921556727, 19.628677933150904], [-101.34992133359873, 19.628136167710004], [-101.3496354488073, 19.62813990159931], [-101.34963150839957, 19.62786901880986], [-101.34934562402105, 19.627872752190186], [-101.34934168415712, 19.627601869336196], [-101.34876991616053, 19.627609334625546], [-101.34877385506776, 19.62788021759079], [-101.34734443153975, 19.62789887315875], [-101.34735230476679, 19.62844063961857], [-101.34706641890827, 19.62844436948329], [-101.34706248274044, 19.62817348620225], [-101.34677659729492, 19.628177215558026], [-101.3467844687392, 19.628718982222363], [-101.34649858227156, 19.62872271123593], [-101.34649464699511, 19.628451827852647], [-101.3462087609405, 19.628455556357277], [-101.34621269573856, 19.62872643979613], [-101.3459268091402, 19.628730167902955], [-101.34593074352522, 19.62900105138847], [-101.3453589691757, 19.629008506353106], [-101.34535503574747, 19.6287376227565], [-101.34449737516843, 19.628748801636526], [-101.3445091713435, 19.629561452899406], [-101.3447950597037, 19.629557726892866], [-101.3447989923711, 19.629828610573835], [-101.34336954752501, 19.629847236350166], [-101.34337347786558, 19.630118120299787], [-101.34308758822209, 19.63012184415034], [-101.34309151814948, 19.63039272814655], [-101.34280562796228, 19.63039645159918], [-101.34280955747651, 19.63066733564197], [-101.3425236667456, 19.630671058696663], [-101.34252759584663, 19.630941942786038], [-101.34195581323218, 19.630949387646087], [-101.34195974144153, 19.631220271837492], [-101.34224563325985, 19.631216549578713], [-101.34224956201291, 19.631487433705754], [-101.34196366971612, 19.63149115601999], [-101.34197152646102, 19.632032924358295], [-101.34225741971477, 19.632029201933126], [-101.34225349083123, 19.631758317823888], [-101.34253938354124, 19.63175459500073], [-101.34254724233058, 19.632296363099364], [-101.34226134866358, 19.63230008603346], [-101.34226527767763, 19.6325709701249], [-101.34312295991836, 19.63255979979578], [-101.3431268904332, 19.632830683711873], [-101.34341278486141, 19.632826959306403], [-101.34340492294001, 19.632285191576297], [-101.34311902946881, 19.63228891587078], [-101.34311509908453, 19.632018031936877], [-101.34282920602654, 19.632021755722413], [-101.342825276186, 19.63175087172413], [-101.3448265228716, 19.631724796091344], [-101.34482258974701, 19.631453912472693], [-101.34539437296964, 19.63144645832194], [-101.34539830705118, 19.63171734182952], [-101.34511241499406, 19.631721069187158], [-101.34511634866244, 19.631991952741373], [-101.34540224119804, 19.631988225328197], [-101.34540617541026, 19.632259108817976], [-101.34512028239615, 19.63226283628669], [-101.34513208398927, 19.633075486869217], [-101.34598976714207, 19.633064302602786], [-101.34599370257266, 19.633335185945846], [-101.34656549197149, 19.63332772738971]], [[-101.347391674825, 19.631149471383505], [-101.34681989347423, 19.63115693177121], [-101.34680808464088, 19.630344282001722], [-101.34709397391363, 19.630340552201325], [-101.3471018473607, 19.630882318612063], [-101.34738773752494, 19.63087858824708], [-101.347391674825, 19.631149471383505]], [[-101.3445288329414, 19.630915871492842], [-101.34424294212373, 19.63091959732358], [-101.34423901015198, 19.63064871356718], [-101.34452490049121, 19.630644987791964], [-101.3445288329414, 19.630915871492842]], [[-101.34737986312099, 19.630336821947513], [-101.34709397391363, 19.630340552201325], [-101.34709003728817, 19.6300696689826], [-101.3473759260171, 19.630065938784373], [-101.34737986312099, 19.630336821947513]], [[-101.34537470354192, 19.6300920406505], [-101.34508881435552, 19.630095767674906], [-101.34508488114439, 19.62982488405837], [-101.34537076985238, 19.629821157089502], [-101.34537470354192, 19.6300920406505]], [[-101.34794376528343, 19.629787593966867], [-101.34765787716368, 19.629791325016296], [-101.34765393971216, 19.629520441890946], [-101.34793982735347, 19.62951671089711], [-101.34794376528343, 19.629787593966867]], [[-101.34765393971216, 19.629520441890946], [-101.34736805200545, 19.62952417243139], [-101.34736411509772, 19.629253289241536], [-101.347650002326, 19.629249558756687], [-101.34765393971216, 19.629520441890946]], [[-101.34651038849304, 19.629535361332387], [-101.34622450052484, 19.62953909005928], [-101.34621663060197, 19.628997323226084], [-101.34650251761336, 19.62899359461032], [-101.34651038849304, 19.629535361332387]], [[-101.34793195168977, 19.62897494473089], [-101.34736017825534, 19.62898240604279], [-101.34735230476679, 19.62844063961857], [-101.34763819055992, 19.628436909300493], [-101.34764212774989, 19.62870779246146], [-101.34792801395601, 19.628704061634423], [-101.34793195168977, 19.62897494473089]]]}}, {"type": "Feature", "properties": {"_h": "8e5aff19-f8de-56c9-b492-9aba1a512aea", "clase": 1, "anio": 1997, "area_ha": 0.63, "cerro": "Cerro del Águila"}, "geometry": {"type": "Polygon", "coordinates": [[[-101.36278608134731, 19.627967673480132], [-101.36278211893547, 19.62769679325732], [-101.36306800022946, 19.62769303857031], [-101.36306403740508, 19.62742215839455], [-101.36334991815494, 19.62741840331017], [-101.36334595491806, 19.627147523181453], [-101.36248831390606, 19.62715878690677], [-101.36249623757567, 19.627700547491013], [-101.36221035615007, 19.627704301271383], [-101.36221431760524, 19.627975181606075], [-101.36278608134731, 19.627967673480132]]]}}, {"type": "Feature", "properties": {"_h": "32fe8936-0b18-5b1b-8084-68a4c60a76a4", "clase": 1, "anio": 2012, "area_ha": 1.89, "cerro": "Cerro del Águila"}, "geometry": {"type": "Polygon", "coordinates": [[[-101.38423102944017, 19.627955685795325], [-101.38422303280213, 19.62741393378941], [-101.38393715640017, 19.627417722021136], [-101.383925163376, 19.62660509377595], [-101.38278166284363, 19.62662024149269], [-101.38280164198333, 19.627974622985462], [-101.38365927465661, 19.627963262031297], [-101.383655277261, 19.627692385919897], [-101.38394115420768, 19.627688598085008], [-101.38394515208158, 19.627959474139963], [-101.38423102944017, 19.627955685795325]]]}}, {"type": "Feature", "properties": {"_h": "ffe56de9-d9f7-5314-a7d6-0193e90a51d9", "clase": 1, "anio": 1993, "area_ha": 0.54, "cerro": "Cerro del Águila"}, "geometry": {"type": "Polygon", "coordinates": [[[-101.33047711073823, 19.62811815292519], [-101.33047320244677, 19.627847266414044], [-101.33018731417991, 19.62785096936411], [-101.33018340643174, 19.627580082788892], [-101.32989751857835, 19.627583785230414], [-101.32989361137346, 19.627312898591118], [-101.32960772393355, 19.627316600524114], [-101.32961944430777, 19.628129260580824], [-101.33047711073823, 19.62811815292519]]]}}, {"type": "Feature", "properties": {"_h": "0eec96a7-9e15-5aed-b0c0-ec67fbea9001", "clase": 1, "anio": 1997, "area_ha": 0.99, "cerro": "Cerro del Águila"}, "geometry": {"type": "Polygon", "coordinates": [[[-101.37536880048415, 19.628072913690655], [-101.37536481695973, 19.62780203594519], [-101.37507893802479, 19.62780581018094], [-101.37507097213107, 19.627264054550764], [-101.37535685010938, 19.6272602804275], [-101.37534888352367, 19.626718524874118], [-101.37449125226007, 19.626729845546592], [-101.37450319793317, 19.62754247936942], [-101.37478907652208, 19.62753870609652], [-101.37479704159146, 19.62808046182134], [-101.37536880048415, 19.628072913690655]]]}}, {"type": "Feature", "properties": {"_h": "458b3a25-5e09-58a3-8b2b-9ade65024988", "clase": 1, "anio": 1997, "area_ha": 0.54, "cerro": "Cerro del Águila"}, "geometry": {"type": "Polygon", "coordinates": [[[-101.36449344049595, 19.627403378439514], [-101.3644855102615, 19.626861618620993], [-101.3647713897255, 19.62685786138203], [-101.36476345879788, 19.62631610163985], [-101.36447758029048, 19.626319858766824], [-101.36448154524307, 19.62659073869836], [-101.3639097870741, 19.626598251704415], [-101.36391375113594, 19.62686913173901], [-101.36419963073165, 19.626865375406652], [-101.36420756000946, 19.627407135337148], [-101.36449344049595, 19.627403378439514]]]}}, {"type": "Feature", "properties": {"_h": "4a49f499-f618-503b-b9cc-f3b86ad9dcd0", "clase": 1, "anio": 2020, "area_ha": 0.54, "cerro": "Pico Azul–La Escalera"}, "geometry": {"type": "Polygon", "coordinates": [[[-101.10545617309148, 19.630350303036497], [-101.10545264155739, 19.63007937516667], [-101.10573857743162, 19.630076028794548], [-101.10573504547747, 19.629805100965836], [-101.10544911008198, 19.629808447288084], [-101.10544557866521, 19.629537519400742], [-101.10515964368977, 19.62954086521945], [-101.10516317462782, 19.62981179315666], [-101.104877239115, 19.629815138571555], [-101.10488430020953, 19.630356994519424], [-101.10545617309148, 19.630350303036497]]]}}, {"type": "Feature", "properties": {"_h": "a188255c-2563-5d64-92f3-34214af952b2", "clase": 1, "anio": 2018, "area_ha": 0.81, "cerro": "Cerro del Águila"}, "geometry": {"type": "Polygon", "coordinates": [[[-101.34933380462557, 19.6270601036015], [-101.34932592535576, 19.62651833783119], [-101.3490400433035, 19.626522070480014], [-101.34903610424507, 19.626251187525877], [-101.34875022260572, 19.62625491966576], [-101.348746284091, 19.625984036647097], [-101.34846040286453, 19.625987768278065], [-101.3484761554026, 19.627071300521777], [-101.34933380462557, 19.6270601036015]]]}}, {"type": "Feature", "properties": {"_h": "0c2ae53c-fc24-5e0c-ae67-143990050003", "clase": 1, "anio": 2018, "area_ha": 0.72, "cerro": "Cerro del Águila"}, "geometry": {"type": "Polygon", "coordinates": [[[-101.3530502777837, 19.627011536468068], [-101.35303054900967, 19.625657125594543], [-101.3527446692436, 19.625660863969227], [-101.35274861438904, 19.625931746217457], [-101.35246273407915, 19.62593548419456], [-101.35247456847371, 19.62674813105295], [-101.35276045021853, 19.626744392908716], [-101.35276439562608, 19.62701527512133], [-101.3530502777837, 19.627011536468068]]]}}, {"type": "Feature", "properties": {"_h": "77bddec1-3402-5f31-8c1c-e43a6cc16b21", "clase": 1, "anio": 2007, "area_ha": 1.53, "cerro": "Cerro del Águila"}, "geometry": {"type": "Polygon", "coordinates": [[[-101.34218670979297, 19.62715328660512], [-101.34218278208377, 19.626882402335685], [-101.3424686661824, 19.62687868051099], [-101.34245688201122, 19.626066027815693], [-101.34217099934757, 19.626069749473988], [-101.3421670718993, 19.62579886516896], [-101.34188118964873, 19.625802586318482], [-101.34188904365385, 19.626344355030568], [-101.34131727704376, 19.626351796191507], [-101.34130942495189, 19.625810027257625], [-101.34102354250565, 19.62581374704724], [-101.34103924503694, 19.626897285101187], [-101.3416110136908, 19.626889844625097], [-101.34161494044332, 19.627160729005446], [-101.34218670979297, 19.62715328660512]]]}}, {"type": "Feature", "properties": {"_h": "936a1214-563b-5928-bb4a-3a959e0b292c", "clase": 1, "anio": 1997, "area_ha": 0.9, "cerro": "Pico Azul–La Escalera"}, "geometry": {"type": "Polygon", "coordinates": [[[-101.07370991836528, 19.63017706891518], [-101.07370644009013, 19.629906135533886], [-101.07399238146955, 19.629902839621252], [-101.07398890277342, 19.629631906280345], [-101.0737029618728, 19.629635202143856], [-101.0736994837132, 19.629364268745082], [-101.07312760269613, 19.62937085901276], [-101.0731206484653, 19.628828991992542], [-101.0725487691322, 19.62883558024902], [-101.07255224526124, 19.6291065138617], [-101.0728381854354, 19.629103219911205], [-101.07284513882425, 19.629645087012147], [-101.07313107989819, 19.62964179250976], [-101.07313455715801, 19.629912725998015], [-101.07342049865296, 19.629909430992807], [-101.07342397644932, 19.630180364423218], [-101.07370991836528, 19.63017706891518]]]}}, {"type": "Feature", "properties": {"_h": "e0b62b0d-ab6a-5fab-9495-62c052a6d96a", "clase": 1, "anio": 2018, "area_ha": 2.25, "cerro": "Cerro del Águila"}, "geometry": {"type": "Polygon", "coordinates": [[[-101.35762042984778, 19.62668077510032], [-101.35761647637446, 19.626409893826935], [-101.35733059622304, 19.62641363962159], [-101.3573187376319, 19.625600995580488], [-101.3570328588497, 19.625604740754383], [-101.3570289065956, 19.62533385933372], [-101.35617127129001, 19.625345091968324], [-101.3561752221093, 19.62561597355642], [-101.35588934306456, 19.6256197169172], [-101.3558932934712, 19.625890598552168], [-101.35560741388255, 19.62589434151546], [-101.3556113638765, 19.626165223197304], [-101.35532548374397, 19.626168965763082], [-101.35532943332521, 19.626439847491802], [-101.35504355264877, 19.626443589660063], [-101.35504750181731, 19.62671447143564], [-101.35561926406122, 19.626706986534277], [-101.35561531393606, 19.62643610487024], [-101.35590119448129, 19.626432361795388], [-101.35590514508476, 19.62670324340363], [-101.35647690693499, 19.626695755782418], [-101.3564729553749, 19.626424874285764], [-101.35704471600597, 19.626417384962945], [-101.3570486685227, 19.626688266347983], [-101.35762042984778, 19.62668077510032]], [[-101.35703681116948, 19.62587562216615], [-101.35646505245161, 19.62588311126573], [-101.3564611010884, 19.625612229742348], [-101.3570328588497, 19.625604740754383], [-101.35703681116948, 19.62587562216615]]]}}, {"type": "Feature", "properties": {"_h": "e014bee6-5c19-5cc7-be50-7f16c52a46d0", "clase": 1, "anio": 1997, "area_ha": 5.22, "cerro": "Pico Azul–La Escalera"}, "geometry": {"type": "Polygon", "coordinates": [[[-101.07716560661147, 19.632034016723473], [-101.07716212218591, 19.6317630839933], [-101.07801995412338, 19.63175317752724], [-101.07800252568163, 19.630398514483424], [-101.07685875922535, 19.630411721213157], [-101.0768552756258, 19.630140788381333], [-101.07628339300801, 19.630147388925494], [-101.07627642789761, 19.629605523038872], [-101.0757045469635, 19.629612121571466], [-101.07569758399951, 19.62907025545319], [-101.07512570474908, 19.629076851974325], [-101.07511874393138, 19.62853498562444], [-101.07483280517692, 19.628538283106177], [-101.07483628507812, 19.628809216334638], [-101.07455034578713, 19.628812513411834], [-101.07455730480547, 19.629354379940825], [-101.07484324505397, 19.62935108276534], [-101.0748467251286, 19.62962201596758], [-101.07513266579804, 19.629618718289247], [-101.07513962707827, 19.6301605845692], [-101.07542556864745, 19.630157286338854], [-101.07542904985307, 19.630428219416565], [-101.0760009337755, 19.63042162149637], [-101.07601834545908, 19.631776286262124], [-101.07630428972757, 19.631772986375555], [-101.07630777271665, 19.632043919253302], [-101.07716560661147, 19.632034016723473]], [[-101.07744458137644, 19.631488849601993], [-101.07715863781823, 19.631492151254385], [-101.07715166925648, 19.630950285750338], [-101.07772355439981, 19.630943682188637], [-101.07772703960934, 19.631214614846613], [-101.07744109658783, 19.63121791690354], [-101.07744458137644, 19.631488849601993]]]}}, {"type": "Feature", "properties": {"_h": "bad05ba0-70d8-5b35-9be8-16fe7d25c4c5", "clase": 1, "anio": 2021, "area_ha": 2.07, "cerro": "Cerro del Águila"}, "geometry": {"type": "Polygon", "coordinates": [[[-101.34333417739722, 19.627409280403075], [-101.34333024770937, 19.62713839636445], [-101.343902016276, 19.627130948524112], [-101.34389808569675, 19.62686006458759], [-101.3441839694038, 19.62685634004292], [-101.34416038442934, 19.625231036569925], [-101.34387450359216, 19.625234760781538], [-101.34387843377974, 19.62550564477146], [-101.34359255239897, 19.62550936858529], [-101.34359648217351, 19.62578025262182], [-101.3430247182596, 19.625787699000576], [-101.34304829253766, 19.627413003698738], [-101.34333417739722, 19.627409280403075]]]}}, {"type": "Feature", "properties": {"_h": "4ddaf03f-c5b4-509c-859e-8365be2e9872", "clase": 1, "anio": 2018, "area_ha": 1.62, "cerro": "Cerro del Águila"}, "geometry": {"type": "Polygon", "coordinates": [[[-101.35047339442578, 19.626774285369816], [-101.3504694529103, 19.626503402702795], [-101.3507553346353, 19.626499667787424], [-101.35075139270698, 19.626228785167168], [-101.35046551146029, 19.62623252002688], [-101.35046157007575, 19.625961637342055], [-101.34988980834261, 19.625969105590254], [-101.34988586798012, 19.625698222785214], [-101.34931410694179, 19.62570568910896], [-101.34931016760135, 19.625434806183733], [-101.3490242874623, 19.625438538610037], [-101.34902034866556, 19.625167655620288], [-101.3484485891478, 19.625175119001806], [-101.34845252698797, 19.625446002102795], [-101.34816664665269, 19.625449733169244], [-101.34817058407997, 19.625720616316936], [-101.34902822632446, 19.625709421590887], [-101.34903610424507, 19.626251187525877], [-101.349321985819, 19.62624745493268], [-101.34932592535576, 19.62651833783119], [-101.34961180734257, 19.626514604729056], [-101.34960786732749, 19.626243721886187], [-101.35017963014815, 19.62623625443328], [-101.350187512157, 19.62677801988753], [-101.35047339442578, 19.626774285369816]]]}}, {"type": "Feature", "properties": {"_h": "36abcd8f-0bf5-58ad-8158-547ccbbaa4b4", "clase": 1, "anio": 2018, "area_ha": 0.9, "cerro": "Cerro del Águila"}, "geometry": {"type": "Polygon", "coordinates": [[[-101.3344560573946, 19.626440948687115], [-101.33444822826223, 19.6258991770958], [-101.3341623442533, 19.625902886006013], [-101.33415451633765, 19.625361114268568], [-101.33386863322035, 19.625364822614927], [-101.33387254666735, 19.625635708543363], [-101.33358666300674, 19.625639416491683], [-101.33359057604044, 19.625910302466497], [-101.33301880756758, 19.625917717113726], [-101.33302663191665, 19.626459489257684], [-101.33331251714223, 19.62645578205023], [-101.33330860445687, 19.626184896037945], [-101.33416625830867, 19.626173771861396], [-101.33417017242903, 19.626444657707882], [-101.3344560573946, 19.626440948687115]]]}}, {"type": "Feature", "properties": {"_h": "5d6273e9-96a5-5a8c-94d0-789772a00cbd", "clase": 1, "anio": 1997, "area_ha": 0.9, "cerro": "Pico Azul–La Escalera"}, "geometry": {"type": "Polygon", "coordinates": [[[-101.07627294542918, 19.629334590082447], [-101.0762694630186, 19.629063657117285], [-101.07684134180633, 19.629057056966627], [-101.0768378584961, 19.628786124091096], [-101.07626598066587, 19.628792724143384], [-101.07625901613395, 19.628250858169352], [-101.07540120182716, 19.628260754550144], [-101.0754081634867, 19.628802620819187], [-101.07598004166398, 19.628796023489002], [-101.0759870054698, 19.629337889526425], [-101.07627294542918, 19.629334590082447]]]}}, {"type": "Feature", "properties": {"_h": "25220b61-c760-58e4-813f-b094316431df", "clase": 1, "anio": 2018, "area_ha": 4.14, "cerro": "Cerro del Águila"}, "geometry": {"type": "Polygon", "coordinates": [[[-101.34790438892688, 19.627078762868663], [-101.34790045165091, 19.626807879709876], [-101.34818633444314, 19.626804148818696], [-101.34817058407997, 19.625720616316936], [-101.34788470320099, 19.625724346985706], [-101.34788864021537, 19.625995230180102], [-101.34731687730464, 19.62600269026894], [-101.34732081342781, 19.62627357356562], [-101.34703493139605, 19.62627730298567], [-101.34703099575121, 19.62600641963341], [-101.34674511413239, 19.626010148544577], [-101.34674117903121, 19.625739265127837], [-101.34645529782536, 19.62574299353014], [-101.34644742877566, 19.625201226558815], [-101.34673330902494, 19.625197498267656], [-101.34672150450575, 19.624384847910626], [-101.34614974681146, 19.624392303706273], [-101.3461536806293, 19.62466318727865], [-101.34643955998739, 19.624659459551896], [-101.34644349434885, 19.6249303430598], [-101.34615761451249, 19.624934070842126], [-101.34616154846103, 19.625204954396693], [-101.34587566808104, 19.625208681781288], [-101.34587960161663, 19.625479565382516], [-101.34559372069303, 19.62548329236938], [-101.34559765381566, 19.625754176017256], [-101.34531177234842, 19.625757902606374], [-101.34531570505807, 19.62602878630089], [-101.34502982304721, 19.626032512492248], [-101.34503375534388, 19.626303396233393], [-101.34531963783304, 19.626299669986505], [-101.34532750357899, 19.626841437331034], [-101.34618515352449, 19.626830255537214], [-101.34618121918389, 19.62655937203605], [-101.34589533641238, 19.62656309969842], [-101.34589140261544, 19.626292216132796], [-101.34674904929894, 19.626281031952413], [-101.34675298453084, 19.62655191535135], [-101.34646710189004, 19.62655564392036], [-101.34647497159328, 19.627097410802662], [-101.34676085519074, 19.627093682122517], [-101.34675691982811, 19.626822798741387], [-101.34704280288187, 19.62681906966349], [-101.34704673872284, 19.627089952989042], [-101.34790438892688, 19.627078762868663]]]}}, {"type": "Feature", "properties": {"_h": "a9b5065f-121f-50dd-ae8d-c9c800f383ae", "clase": 1, "anio": 2018, "area_ha": 0.54, "cerro": "Cerro del Águila"}, "geometry": {"type": "Polygon", "coordinates": [[[-101.35501985901496, 19.624818298819516], [-101.35501196166176, 19.624276535134754], [-101.35472608474595, 19.62428027640359], [-101.35473003291149, 19.624551158306193], [-101.35444415545184, 19.624554899177543], [-101.35444020776454, 19.624284017219182], [-101.35415433071755, 19.624287757581524], [-101.35415827792663, 19.624558639595634], [-101.35387240033582, 19.624562379560466], [-101.35387634713219, 19.62483326162141], [-101.35501985901496, 19.624818298819516]]]}}, {"type": "Feature", "properties": {"_h": "7ec2a523-5f9d-503b-89ac-2f93328be926", "clase": 1, "anio": 2008, "area_ha": 0.63, "cerro": "Cerro del Águila"}, "geometry": {"type": "Polygon", "coordinates": [[[-101.34244509842723, 19.625253375040305], [-101.34244117069638, 19.624982490764047], [-101.3427270513816, 19.624978768874342], [-101.34271919515909, 19.624437000406076], [-101.34243331543041, 19.624440722184836], [-101.34243724303077, 19.624711606478893], [-101.34186548242118, 19.624719048787536], [-101.34186940913024, 19.624989933183617], [-101.34158352824932, 19.624993653713474], [-101.34158745454529, 19.625264538156113], [-101.34244509842723, 19.625253375040305]]]}}, {"type": "Feature", "properties": {"_h": "9ecf6947-3069-5a7d-bddf-dc55110d7128", "clase": 1, "anio": 2011, "area_ha": 0.54, "cerro": "Cerro del Águila"}, "geometry": {"type": "Polygon", "coordinates": [[[-101.32756747982448, 19.62463363006742], [-101.32756357715971, 19.62436274288917], [-101.32727769446254, 19.62436644058903], [-101.32726989028404, 19.62382466609562], [-101.32669812660836, 19.623832059915063], [-101.32670592887374, 19.624373834628898], [-101.32699181170055, 19.624370137835605], [-101.32699571340873, 19.624641025124085], [-101.32756747982448, 19.62463363006742]]]}}, {"type": "Feature", "properties": {"_h": "0135132e-ece4-5076-8378-61455b8fdbe4", "clase": 1, "anio": 1997, "area_ha": 0.54, "cerro": "Cerro del Águila"}, "geometry": {"type": "Polygon", "coordinates": [[[-101.3404282313162, 19.624195877253555], [-101.3404203831372, 19.623654107844708], [-101.33984862544084, 19.623661543364157], [-101.33985254854124, 19.623932428183856], [-101.33928078962771, 19.623939862001105], [-101.33928471183675, 19.62421074692272], [-101.3404282313162, 19.624195877253555]]]}}, {"type": "Feature", "properties": {"_h": "46141d56-f88b-5aab-89a5-dff1cadcbe28", "clase": 1, "anio": 2018, "area_ha": 15.12, "cerro": "Cerro del Águila"}, "geometry": {"type": "Polygon", "coordinates": [[[-101.33935532274116, 19.62908667399037], [-101.33935139935929, 19.628815789228902], [-101.33906551119487, 19.62881950645472], [-101.33906158835656, 19.628548621628966], [-101.3387757006054, 19.62855233834601], [-101.33877177831063, 19.628281453455973], [-101.3396294399335, 19.62827030211088], [-101.33962551626873, 19.627999417378124], [-101.33991140286766, 19.627995699411773], [-101.33991925121911, 19.628537468757568], [-101.34020513870963, 19.62853375022702], [-101.34020121402293, 19.628262865613987], [-101.34077298785161, 19.62825542730364], [-101.34077691349508, 19.628526311805818], [-101.34106280079001, 19.628522591915157], [-101.34105494861149, 19.62798082301276], [-101.34048317586995, 19.627988262118983], [-101.34047532586571, 19.627446492959265], [-101.34133298201003, 19.627435333952516], [-101.34132905567064, 19.62716444952561], [-101.34104317083276, 19.627168169592426], [-101.34103924503694, 19.626897285101187], [-101.34075336061218, 19.626901004659235], [-101.34075728592967, 19.627171889205915], [-101.34047140096139, 19.62717560836606], [-101.34046355134831, 19.62663383915295], [-101.34017766727152, 19.62663755774892], [-101.34017374304109, 19.6263666730736], [-101.34074551017282, 19.62635923553919], [-101.34074158505092, 19.626088350965823], [-101.34045570199598, 19.62609206990426], [-101.34045177741758, 19.625821185266563], [-101.34016589477577, 19.625824903696266], [-101.34016197074087, 19.625554018994258], [-101.33987608851218, 19.62555773691524], [-101.33988001206876, 19.62582862167267], [-101.33873648058912, 19.625843489045216], [-101.3387247158545, 19.625030834081496], [-101.3384388342566, 19.625034549625227], [-101.33843491328696, 19.624763664564153], [-101.339006675461, 19.62475623313416], [-101.33901059738723, 19.62502711808448], [-101.33958236025725, 19.62501968473058], [-101.33957451455683, 19.624477915042643], [-101.33900275359993, 19.624485348174954], [-101.33899098840756, 19.623672693243943], [-101.33870510926617, 19.623676408964034], [-101.3387129517061, 19.62421817903771], [-101.33842707154305, 19.624221894415303], [-101.33842315076879, 19.623951009327538], [-101.3381372710189, 19.623954724196494], [-101.33813335078801, 19.623683839044464], [-101.33784747145123, 19.62368755340479], [-101.33784355176373, 19.6234166681885], [-101.33670003567859, 19.623431520875886], [-101.3367078712927, 19.62397329174236], [-101.33699375136813, 19.62396957913971], [-101.33699766975109, 19.62424046450427], [-101.33728355023969, 19.624236751393017], [-101.33728746916599, 19.624507636693334], [-101.33700158819912, 19.62451134985993], [-101.33700550671225, 19.624782235206702], [-101.33586198028078, 19.62479708356166], [-101.33586981367596, 19.62533885467113], [-101.336441578935, 19.625331431178935], [-101.33644941450365, 19.625873202031553], [-101.33730706477398, 19.625862063061494], [-101.33731098409089, 19.62613294830844], [-101.33759686786246, 19.626129234356448], [-101.33760078772279, 19.626400119539145], [-101.33731490347289, 19.626403833546494], [-101.3373266620095, 19.627216489207267], [-101.33704077625946, 19.627220202927326], [-101.3370564533062, 19.628303743905214], [-101.33762822856815, 19.628296315568935], [-101.33763214894937, 19.628567200680465], [-101.33820392490765, 19.628559770419997], [-101.33820784631075, 19.628830655411893], [-101.3387796229653, 19.628823223227158], [-101.33878354539037, 19.629094108099405], [-101.33935532274116, 19.62908667399037]], [[-101.33791411610146, 19.628292600720755], [-101.33762822856815, 19.628296315568935], [-101.33762430825206, 19.62802543044852], [-101.33791019530699, 19.628021715655684], [-101.33791411610146, 19.628292600720755]], [[-101.34019728940139, 19.627991980992057], [-101.33991140286766, 19.627995699411773], [-101.33990747878968, 19.62772481472553], [-101.34019336484505, 19.627721096361228], [-101.34019728940139, 19.627991980992057]], [[-101.33762430825206, 19.62802543044852], [-101.33733842113202, 19.628029144787984], [-101.33733450135941, 19.62775825960331], [-101.33762038800107, 19.6277545453192], [-101.33762430825206, 19.62802543044852]], [[-101.33990747878968, 19.62772481472553], [-101.33933570648341, 19.627732250094066], [-101.33933178342735, 19.627461365288116], [-101.33961766913471, 19.627457647885922], [-101.33961374566543, 19.62718676312647], [-101.33989963082927, 19.627183045326344], [-101.33989570694682, 19.626912160613404], [-101.34018159156713, 19.626908442415342], [-101.3401894403539, 19.627450211721502], [-101.33990355477688, 19.627453930030384], [-101.33990747878968, 19.62772481472553]], [[-101.33904982023255, 19.62773596709831], [-101.33876393391651, 19.627739683649192], [-101.33876001181717, 19.627468798732465], [-101.33904589765484, 19.627465082236963], [-101.33904982023255, 19.62773596709831]], [[-101.33989570694682, 19.626912160613404], [-101.33960982226134, 19.626915878358123], [-101.3396058989224, 19.62664499358088], [-101.33989178312954, 19.626641275891565], [-101.33989570694682, 19.626912160613404]], [[-101.33817255602727, 19.62639269016449], [-101.33788667190758, 19.62639640507848], [-101.33788275156894, 19.62612551995114], [-101.33759686786246, 19.626129234356448], [-101.33759294806725, 19.625858349164858], [-101.3378788312954, 19.625854634814903], [-101.33787099094367, 19.62531286451575], [-101.33844275529138, 19.625305434677408], [-101.33845451878652, 19.62611808978058], [-101.3381686352103, 19.62612180509252], [-101.33817255602727, 19.62639269016449]], [[-101.3381529525936, 19.625038264715673], [-101.33786707086549, 19.625041979352833], [-101.3378631508524, 19.624771094181014], [-101.33814903210225, 19.624767379599223], [-101.3381529525936, 19.625038264715673]]]}}, {"type": "Feature", "properties": {"_h": "86d1e266-2740-5453-9b9b-823954c9739b", "clase": 1, "anio": 2018, "area_ha": 8.91, "cerro": "Cerro del Águila"}, "geometry": {"type": "Polygon", "coordinates": [[[-101.33245095002019, 19.626196016134596], [-101.3324470388348, 19.62592512994769], [-101.33301880756758, 19.625917717113726], [-101.33301489549052, 19.6256468310284], [-101.33358666300674, 19.625639416491683], [-101.33357883713431, 19.62509764451539], [-101.33443648505133, 19.62508651964213], [-101.33444431379357, 19.6256282912868], [-101.33473019725915, 19.62562458197856], [-101.3347184528084, 19.624811924664066], [-101.33500433477407, 19.624808215068395], [-101.33500041960892, 19.624537329334405], [-101.33528630103125, 19.62453361934074], [-101.33527846993951, 19.62399184795666], [-101.33470670894289, 19.62399926726953], [-101.3347027944511, 19.623728381453564], [-101.3338451539033, 19.623739506857536], [-101.3338490669603, 19.624010392839338], [-101.33356318616943, 19.624014100456076], [-101.33356709881316, 19.624284986484245], [-101.33328121747901, 19.62428869370297], [-101.3332694811776, 19.623476035426016], [-101.33269772118393, 19.623483448172156], [-101.33270163226291, 19.623754334383857], [-101.33241575169038, 19.623758040132284], [-101.33241184108965, 19.62348715386535], [-101.33184008070621, 19.623494563891956], [-101.33184790005959, 19.624036336637847], [-101.33156201881391, 19.6240400410817], [-101.33156592810974, 19.624310927496527], [-101.33013651851613, 19.624329443192707], [-101.33014433251974, 19.624871216547643], [-101.33071609846507, 19.62486381140826], [-101.33072000652082, 19.625134697962025], [-101.3304341231023, 19.62513840081355], [-101.33043803074465, 19.625409287413607], [-101.33072391464148, 19.62540558450689], [-101.33072782282706, 19.62567647104287], [-101.33101370713729, 19.625672767627652], [-101.3310176158661, 19.625943654099537], [-101.33130350058973, 19.625939950175805], [-101.3313074098618, 19.626210836583603], [-101.33245095002019, 19.626196016134596]], [[-101.33272901163494, 19.6256505376168], [-101.33244312771437, 19.62565424375188], [-101.33243921665891, 19.625383357547182], [-101.33272510010116, 19.625379651467338], [-101.33272901163494, 19.6256505376168]], [[-101.33243921665891, 19.625383357547182], [-101.3321533331517, 19.62538706317373], [-101.33214942263952, 19.625116176904914], [-101.33243530566843, 19.625112471333605], [-101.33243921665891, 19.625383357547182]], [[-101.33186744957955, 19.625390768346968], [-101.33158156594243, 19.62539447306691], [-101.33157765638684, 19.625123586687653], [-101.33186353954565, 19.625119882022933], [-101.33186744957955, 19.625390768346968]], [[-101.33329295436532, 19.625101351899886], [-101.33300707153133, 19.625105058831085], [-101.33299924783206, 19.6245632865982], [-101.33328512970947, 19.6245595797775], [-101.33329295436532, 19.625101351899886]], [[-101.3347184528084, 19.624811924664066], [-101.33443257077772, 19.624815633806453], [-101.33442865656914, 19.624544747961885], [-101.33471453812155, 19.62454103887478], [-101.3347184528084, 19.624811924664066]], [[-101.3315737468962, 19.6248527002995], [-101.33128786415077, 19.624856404455713], [-101.33128395520335, 19.624585518003464], [-101.33156983747051, 19.62458181390246], [-101.3315737468962, 19.6248527002995]], [[-101.3324235730867, 19.624299812639492], [-101.33213769149268, 19.624303518045114], [-101.33213378124029, 19.62403263174072], [-101.33241966235606, 19.62402892639033], [-101.3324235730867, 19.624299812639492]]]}}, {"type": "Feature", "properties": {"_h": "6c964d7b-5fa6-5371-bff1-fb68b1dae284", "clase": 1, "anio": 2018, "area_ha": 1.17, "cerro": "Cerro del Águila"}, "geometry": {"type": "Polygon", "coordinates": [[[-101.3298584494497, 19.624874918437392], [-101.32984672997652, 19.624062258226118], [-101.33013261161169, 19.624058556501893], [-101.33012870477214, 19.6237876698022], [-101.32984282361524, 19.623791371471242], [-101.32983891731884, 19.623520484707484], [-101.3292671557669, 19.62352788657545], [-101.32927106110678, 19.623798773449543], [-101.32898517975522, 19.623802473758783], [-101.32898127489362, 19.623531586829536], [-101.32840951295248, 19.623538985977934], [-101.32841341685754, 19.62380987301747], [-101.32869929833882, 19.623806173614764], [-101.32870320278701, 19.624077060590267], [-101.3292749665115, 19.624069660314742], [-101.32927887198113, 19.624340547171055], [-101.32956475422435, 19.62433684629822], [-101.3295725663148, 19.62487861987385], [-101.3298584494497, 19.624874918437392]]]}}, {"type": "Feature", "properties": {"_h": "1ea9fc8d-c669-5f5b-ba04-46a6c1f0080b", "clase": 1, "anio": 1997, "area_ha": 1.17, "cerro": "Pico Azul–La Escalera"}, "geometry": {"type": "Polygon", "coordinates": [[[-101.07482236582014, 19.627725483368366], [-101.07481888615015, 19.627454550104943], [-101.07539075977152, 19.627447955081017], [-101.0753837986902, 19.626906088724564], [-101.0750978628658, 19.626909386365043], [-101.07509090297312, 19.626367519875327], [-101.07423309802515, 19.626377409780083], [-101.07424005504578, 19.626919276564657], [-101.07452599104359, 19.626915980285087], [-101.07453642844403, 19.62772878024899], [-101.07482236582014, 19.627725483368366]]]}}, {"type": "Feature", "properties": {"_h": "c57c371b-1a19-5c9d-b313-90b6070353cd", "clase": 1, "anio": 2011, "area_ha": 0.72, "cerro": "Cerro del Águila"}, "geometry": {"type": "Polygon", "coordinates": [[[-101.34214350857964, 19.624173559151902], [-101.34213958158801, 19.62390267478458], [-101.34271133919756, 19.623895231902218], [-101.34270741131466, 19.623624347636937], [-101.34213565466162, 19.62363179040837], [-101.34212780100452, 19.623090021629245], [-101.34184192353662, 19.62309374222417], [-101.34184977623725, 19.623635511114212], [-101.34156389774766, 19.623639231366813], [-101.34157174975267, 19.62418100033217], [-101.34214350857964, 19.624173559151902]]]}}, {"type": "Feature", "properties": {"_h": "07fb35ae-1bd2-5565-b7cb-383282794ef4", "clase": 1, "anio": 2005, "area_ha": 2.25, "cerro": "Cerro del Águila"}, "geometry": {"type": "Polygon", "coordinates": [[[-101.3524390670591, 19.624310190237324], [-101.35243512278507, 19.624039307879958], [-101.35272099974708, 19.624035570292826], [-101.35271705506032, 19.623764687982256], [-101.35300293147857, 19.623760949997596], [-101.35300687664355, 19.62403183225245], [-101.3532927534745, 19.62402809375883], [-101.35328880783128, 19.6237572115597], [-101.35357468411844, 19.623753472668565], [-101.35356679207219, 19.623211708355058], [-101.35299504134521, 19.623219185461185], [-101.35299898637912, 19.623490067733844], [-101.35242723443355, 19.623497543138495], [-101.35242329035609, 19.62322666075441], [-101.3518515391049, 19.62323413423474], [-101.35184759604938, 19.622963251730358], [-101.35098997011602, 19.62297445838461], [-101.35099785342325, 19.62351622371857], [-101.3512837297563, 19.62351248850902], [-101.35128767198638, 19.62378337110697], [-101.35185942541246, 19.6237758992168], [-101.3518633686645, 19.624046781694474], [-101.35129161428193, 19.62405425369602], [-101.35129555664297, 19.624325136276163], [-101.3524390670591, 19.624310190237324]], [[-101.35185548222593, 19.62350501673022], [-101.35156960602387, 19.623508752846234], [-101.35156566338107, 19.623237870295068], [-101.3518515391049, 19.62323413423474], [-101.35185548222593, 19.62350501673022]]]}}, {"type": "Feature", "properties": {"_h": "89e56d84-f93f-537f-b82d-3033a324817e", "clase": 1, "anio": 2018, "area_ha": 0.9, "cerro": "Cerro del Águila"}, "geometry": {"type": "Polygon", "coordinates": [[[-101.33642199115219, 19.623977003891746], [-101.33641807379085, 19.62370611840763], [-101.33613219406354, 19.623709830048426], [-101.33612827724552, 19.62343894450009], [-101.33641415649458, 19.62343523291461], [-101.33641023926339, 19.623164347412704], [-101.33526672378972, 19.62317919081385], [-101.3352745544912, 19.623720962251284], [-101.33556043441371, 19.623717251970255], [-101.33556435034028, 19.62398813762033], [-101.33642199115219, 19.623977003891746]]]}}, {"type": "Feature", "properties": {"_h": "c0ec19be-1e05-5ff4-8b04-492e2ade6d2d", "clase": 1, "anio": 2015, "area_ha": 1.26, "cerro": "Pico Azul–La Escalera"}, "geometry": {"type": "Polygon", "coordinates": [[[-101.11142186994482, 19.627299737386824], [-101.1114183290043, 19.627028810469405], [-101.11170425837928, 19.627025455120187], [-101.11170071701892, 19.626754528244017], [-101.11141478812256, 19.626757883543213], [-101.11140416583034, 19.6259451027121], [-101.11111823831102, 19.62594845740769], [-101.1111146981432, 19.625677530396462], [-101.1108287710437, 19.625680884588476], [-101.11083585048095, 19.62622273870217], [-101.11054992236542, 19.626226092540602], [-101.11055346169363, 19.626497019634307], [-101.11083939028778, 19.62649366574588], [-101.11084293015341, 19.62676459278083], [-101.11055700108062, 19.626767946719248], [-101.11056054052644, 19.62703887379544], [-101.11084647007786, 19.627035519807023], [-101.1108500100611, 19.627306446824456], [-101.11142186994482, 19.627299737386824]]]}}, {"type": "Feature", "properties": {"_h": "12e2d351-4423-5cc9-a4f3-3ef62cff01a9", "clase": 1, "anio": 2018, "area_ha": 1.44, "cerro": "Cerro del Águila"}, "geometry": {"type": "Polygon", "coordinates": [[[-101.33498475959867, 19.623453786309483], [-101.33498084475868, 19.623182900531027], [-101.33440908650152, 19.62319031860564], [-101.33439343161771, 19.62210677496057], [-101.33467930886589, 19.622103066371025], [-101.33467539482928, 19.621832180492806], [-101.33438951805928, 19.621835889027086], [-101.33438560456587, 19.621565003084694], [-101.33409972820907, 19.621568711110474], [-101.33410364122429, 19.62183959710814], [-101.33324601032929, 19.621850718632032], [-101.33324992197488, 19.622121604786592], [-101.33353579948309, 19.622117898009922], [-101.33354362392565, 19.622659670181854], [-101.3338295023253, 19.62265596284143], [-101.33382167692628, 19.622114190780025], [-101.3341075543045, 19.622110483096908], [-101.33412320727541, 19.623194026963077], [-101.3338373279843, 19.62319773486727], [-101.3338412409113, 19.62346862086685], [-101.33498475959867, 19.623453786309483]]]}}, {"type": "Feature", "properties": {"_h": "4a86358f-3c80-5e2b-9b24-cb2d9a491782", "clase": 1, "anio": 2018, "area_ha": 1.44, "cerro": "Pico Azul–La Escalera"}, "geometry": {"type": "Polygon", "coordinates": [[[-101.09910570942542, 19.62581801593485], [-101.09909514957863, 19.62500522856614], [-101.09938107764674, 19.62500189311989], [-101.09937403708406, 19.624460034929758], [-101.09851625557589, 19.624470039609545], [-101.09851977439222, 19.624740968858124], [-101.0982338466273, 19.62474430289399], [-101.09824792056277, 19.62582801999961], [-101.09910570942542, 19.62581801593485]]]}}, {"type": "Feature", "properties": {"_h": "cea74821-1971-57c6-bf4f-e465aa77920c", "clase": 1, "anio": 1993, "area_ha": 1.98, "cerro": "Cerro del Águila"}, "geometry": {"type": "Polygon", "coordinates": [[[-101.3329718669314, 19.62266708350299], [-101.33296013323432, 19.62185442490024], [-101.33324601032929, 19.621850718632032], [-101.33324209874868, 19.621579832468584], [-101.33352797530046, 19.621576125802417], [-101.33352406330665, 19.621305239685338], [-101.33323818723305, 19.621308946296242], [-101.33323427578239, 19.621038060115012], [-101.33180489683079, 19.62105658609536], [-101.3318088058905, 19.621327472552764], [-101.33152292942714, 19.621331176444464], [-101.33152683807363, 19.621602062948195], [-101.33038332965813, 19.621616874203742], [-101.33038723645673, 19.62188776091938], [-101.33181662420479, 19.6218692454409], [-101.33181271501518, 19.62159835900128], [-101.33267034545017, 19.621587244441287], [-101.3326859883368, 19.622670789483703], [-101.3329718669314, 19.62266708350299]]]}}, {"type": "Feature", "properties": {"_h": "c25be47e-9f4d-5d5f-9784-3e406ad8a41d", "clase": 1, "anio": 2005, "area_ha": 0.63, "cerro": "Cerro del Águila"}, "geometry": {"type": "Polygon", "coordinates": [[[-101.34124269270224, 19.621204989882642], [-101.34123876786263, 19.6209341052511], [-101.3415246416354, 19.6209303860062], [-101.34152071638283, 19.6206595014212], [-101.34037722281327, 19.620674375459977], [-101.34038506955828, 19.621216145064537], [-101.34124269270224, 19.621204989882642]]]}}, {"type": "Feature", "properties": {"_h": "498c38bb-35aa-55bf-b39d-756e89117a86", "clase": 1, "anio": 1997, "area_ha": 0.81, "cerro": "Cerro del Águila"}, "geometry": {"type": "Polygon", "coordinates": [[[-101.36040007989514, 19.621225675675767], [-101.36039216607769, 19.62068391388097], [-101.36067803546383, 19.620680164273924], [-101.36067012095307, 19.62013840255528], [-101.36009838402757, 19.620145901092645], [-101.36010234029384, 19.620416782068204], [-101.35981647125436, 19.620420530713062], [-101.35982042710823, 19.620691411735603], [-101.35953455752492, 19.62069515998319], [-101.35953851296637, 19.620966041052696], [-101.36011025302355, 19.6209585439926], [-101.36011420948701, 19.62122942494144], [-101.36040007989514, 19.621225675675767]]]}}, {"type": "Feature", "properties": {"_h": "e0cbbb00-cfa7-5f2a-9a56-96d7a60d6826", "clase": 1, "anio": 1997, "area_ha": 0.63, "cerro": "Cerro del Águila"}, "geometry": {"type": "Polygon", "coordinates": [[[-101.3575334686023, 19.62072138502799], [-101.35752951657348, 19.620450503558633], [-101.35781538613847, 19.620446758538954], [-101.35780352901158, 19.61963411424494], [-101.35751766088096, 19.619637859097132], [-101.35752556461031, 19.620179622080375], [-101.3572396954578, 19.620183366591075], [-101.35723574403842, 19.61991248504809], [-101.35694987529838, 19.61991622904984], [-101.35695777724656, 19.620457992238542], [-101.35724364694285, 19.62045424812516], [-101.35724759849353, 19.62072512965034], [-101.3575334686023, 19.62072138502799]]]}}, {"type": "Feature", "properties": {"_h": "d0171478-0549-5202-8003-e5e7380a9bcf", "clase": 1, "anio": 2018, "area_ha": 0.99, "cerro": "Cerro del Águila"}, "geometry": {"type": "Polygon", "coordinates": [[[-101.33581890125892, 19.621817341823622], [-101.3358071538009, 19.62100468479921], [-101.33609302881115, 19.62100097416483], [-101.33608519654139, 19.620459202881392], [-101.33637107053023, 19.620455491904476], [-101.3363593211791, 19.61964283507859], [-101.33607344862469, 19.619646545889548], [-101.3360812805041, 19.62018831722634], [-101.33579540692836, 19.620192027694767], [-101.33580323811167, 19.620733799106617], [-101.33551736351455, 19.620737509232498], [-101.33552519400172, 19.621279280719403], [-101.3352393183832, 19.621282990502696], [-101.33524323324617, 19.621553876288115], [-101.33552910934286, 19.62155016644951], [-101.33553302474905, 19.62182105217073], [-101.33581890125892, 19.621817341823622]]]}}, {"type": "Feature", "properties": {"_h": "bc6431cc-cac8-5382-908b-96853981608d", "clase": 1, "anio": 1997, "area_ha": 0.99, "cerro": "Pico Azul–La Escalera"}, "geometry": {"type": "Polygon", "coordinates": [[[-101.06990935564741, 19.623717456255218], [-101.0699024143712, 19.623175587788577], [-101.06933055387246, 19.623182164004913], [-101.069327084278, 19.622911229660442], [-101.06904115442073, 19.622914517039284], [-101.06904462353663, 19.62318545143276], [-101.06847276269202, 19.6231920249278], [-101.06847969918236, 19.62373389388456], [-101.06990935564741, 19.623717456255218]]]}}, {"type": "Feature", "properties": {"_h": "b163972d-66c0-52de-bd97-4f0a3226a2fe", "clase": 1, "anio": 1997, "area_ha": 2.07, "cerro": "Cerro del Águila"}, "geometry": {"type": "Polygon", "coordinates": [[[-101.35953455752492, 19.62069515998319], [-101.35952664683916, 19.62015339781745], [-101.36009838402757, 19.620145901092645], [-101.36009442782702, 19.619875020108175], [-101.3606661637963, 19.619867521682597], [-101.36065824967997, 19.61932575991051], [-101.35980064849606, 19.619337006533847], [-101.35979669297078, 19.619066125466777], [-101.3580814916974, 19.61908860614408], [-101.35808544435416, 19.6193594875463], [-101.35837131187535, 19.619355741843695], [-101.35837526507585, 19.619626623181166], [-101.35894700087742, 19.619619130304887], [-101.35894304672073, 19.619348249079117], [-101.35951478130333, 19.61934075450206], [-101.35951873641622, 19.619611635616092], [-101.35923286867967, 19.61961538318705], [-101.35924077814639, 19.62015714550015], [-101.35895490938792, 19.620160892729707], [-101.3589588637417, 19.620431773928757], [-101.3592447329783, 19.620428026643335], [-101.3592486878759, 19.620698907777623], [-101.35953455752492, 19.62069515998319]]]}}, {"type": "Feature", "properties": {"_h": "555341e7-dcb6-55d3-940e-df424b137340", "clase": 1, "anio": 2018, "area_ha": 0.54, "cerro": "Cerro del Águila"}, "geometry": {"type": "Polygon", "coordinates": [[[-101.33722477415644, 19.62017347082093], [-101.33722085627163, 19.61990258537831], [-101.33750672904387, 19.619898872699384], [-101.33749889251324, 19.61935710189816], [-101.33721302069728, 19.619360814466386], [-101.33720910300772, 19.619089928997084], [-101.33692323160477, 19.619093641056818], [-101.33693890084096, 19.620177183102033], [-101.33722477415644, 19.62017347082093]]]}}, {"type": "Feature", "properties": {"_h": "7ff2e213-971a-5c1f-8476-ca332d8c5910", "clase": 1, "anio": 2018, "area_ha": 3.69, "cerro": "Pico Azul–La Escalera"}, "geometry": {"type": "Polygon", "coordinates": [[[-101.09679365926698, 19.62394817760359], [-101.09679014349742, 19.623677248030646], [-101.09736199572457, 19.623670584438315], [-101.0973584790563, 19.623399654955957], [-101.09793033009262, 19.623392989648874], [-101.09792681252569, 19.623122060257135], [-101.09735496244647, 19.623128725464856], [-101.09734792940209, 19.6225868664564], [-101.09763385351383, 19.62258353417866], [-101.0976268197461, 19.62204167523455], [-101.09734089659139, 19.622045007412932], [-101.09734441296752, 19.622315936939042], [-101.09705848927588, 19.622319268713603], [-101.09705497337826, 19.622048339137823], [-101.09676905010672, 19.62205167040922], [-101.09676553474603, 19.62178074077502], [-101.0964796118946, 19.621784071543267], [-101.09648312677676, 19.622055001227125], [-101.0961972033884, 19.62205833159154], [-101.09620071785046, 19.6223292613163], [-101.09534294589952, 19.6223392498375], [-101.09535699858918, 19.623422969244704], [-101.09564292454537, 19.623419639992605], [-101.09563941080684, 19.623148710203566], [-101.0959253362261, 19.623145380547577], [-101.09593236471865, 19.62368724001764], [-101.09650421729624, 19.62368057914651], [-101.09650773258721, 19.623951508769117], [-101.09679365926698, 19.62394817760359]]]}}, {"type": "Feature", "properties": {"_h": "b21bc793-2e73-5904-8cbb-0378ceac7c0f", "clase": 1, "anio": 1992, "area_ha": 1.17, "cerro": "Pico Azul–La Escalera"}, "geometry": {"type": "Polygon", "coordinates": [[[-101.09449922037041, 19.623432954279824], [-101.0944957085461, 19.62316202429229], [-101.09506755979321, 19.623155368154965], [-101.09506404707014, 19.622884438257913], [-101.09477812195432, 19.622887766503716], [-101.09477460976817, 19.622616836548296], [-101.09506053440545, 19.622613508352114], [-101.09505350925116, 19.622071648514254], [-101.09476758557092, 19.6220749766112], [-101.09476407355982, 19.621804046629528], [-101.09447815029975, 19.621807374223366], [-101.09448166183233, 19.62207830425465], [-101.09419573803541, 19.6220816314446], [-101.0941992491478, 19.622352561516745], [-101.09448517342325, 19.622349234277188], [-101.09448868507253, 19.622620164290968], [-101.09420276031854, 19.622623491580132], [-101.09420978283504, 19.623165351680665], [-101.09392385706562, 19.623168678615517], [-101.09392736793282, 19.623439608702256], [-101.09449922037041, 19.623432954279824]]]}}, {"type": "Feature", "properties": {"_h": "f2becbbc-987d-592f-99fd-4a2f89ebf8c5", "clase": 2, "anio": 2023, "area_ha": 0.99, "cerro": "Pico Azul–La Escalera"}, "geometry": {"type": "Polygon", "coordinates": [[[-101.1170517106888, 19.620459392692236], [-101.11704816164979, 19.620188466557327], [-101.11676224535731, 19.620191829271363], [-101.11675514841303, 19.619649976874985], [-101.11704106374864, 19.619646614261228], [-101.1170339660834, 19.619104761930085], [-101.11646213726685, 19.619111486503655], [-101.11646568511317, 19.619382412773877], [-101.11617977013806, 19.61938577443069], [-101.11619041259547, 19.620198553339158], [-101.11647632900586, 19.620195191531973], [-101.11647987708801, 19.620466117767158], [-101.1170517106888, 19.620459392692236]]]}}, {"type": "Feature", "properties": {"_h": "a10128aa-9fc5-501d-8970-83197424ea30", "clase": 1, "anio": 2023, "area_ha": 3.6, "cerro": "Pico Azul–La Escalera"}, "geometry": {"type": "Polygon", "coordinates": [[[-101.08247630371721, 19.622488587868414], [-101.0824588468345, 19.621133927280273], [-101.08303069531273, 19.62112731002881], [-101.08303418753029, 19.621398242065258], [-101.08332011216086, 19.621394932709958], [-101.08331661946482, 19.62112400072285], [-101.08360254355887, 19.621120690963412], [-101.08359905044236, 19.620849759016906], [-101.0833131268268, 19.620853068727], [-101.08330614172488, 19.620311204709076], [-101.08302021900826, 19.620314513867015], [-101.08301672702282, 19.620043581795606], [-101.08215895996031, 19.620053506400644], [-101.08215197903431, 19.61951164193563], [-101.08100829263343, 19.61952486799951], [-101.08101526973171, 19.620066732858948], [-101.08130119237583, 19.62006342692456], [-101.08131165989347, 19.620876224000284], [-101.08159758391508, 19.620872917464535], [-101.0816010736821, 19.621143849756333], [-101.08188699812423, 19.621140542717797], [-101.08189048842772, 19.621411474951543], [-101.08217641329037, 19.621408167410205], [-101.08217990413038, 19.6216790995859], [-101.08189397878921, 19.621682407176547], [-101.0819009596862, 19.62222427160033], [-101.08218688598443, 19.62222096391105], [-101.08219037699844, 19.62249189606052], [-101.08247630371721, 19.622488587868414]], [[-101.08216594111833, 19.62059537083069], [-101.08159409420607, 19.620601985164004], [-101.08159060455502, 19.620331052854727], [-101.08187652756168, 19.620327745964115], [-101.08187303749014, 19.620056813695406], [-101.08215895996031, 19.620053506400644], [-101.08216594111833, 19.62059537083069]], [[-101.08158711496198, 19.620060120536717], [-101.08130119237583, 19.62006342692456], [-101.08129770331924, 19.619792494548502], [-101.0815836254269, 19.619789188209957], [-101.08158711496198, 19.620060120536717]]]}}, {"type": "Feature", "properties": {"_h": "0d837d93-f6b8-52af-a969-c13ca8c26c5a", "clase": 1, "anio": 2018, "area_ha": 0.63, "cerro": "Cerro del Águila"}, "geometry": {"type": "Polygon", "coordinates": [[[-101.34861241351139, 19.616774008716053], [-101.34860847728602, 19.616503125385854], [-101.34918020607118, 19.616495664657652], [-101.34917233190457, 19.61595389819304], [-101.34860060503146, 19.615961358698762], [-101.34860454112605, 19.616232242046756], [-101.34803281303532, 19.616239700851498], [-101.34803674823924, 19.61651058430181], [-101.34832261279533, 19.616506855070362], [-101.34832654854267, 19.61677773845617], [-101.34861241351139, 19.616774008716053]]]}}, {"type": "Feature", "properties": {"_h": "85f70d7e-4d03-531e-a400-33cc32eb6a71", "clase": 1, "anio": 2023, "area_ha": 1.08, "cerro": "Pico Azul–La Escalera"}, "geometry": {"type": "Polygon", "coordinates": [[[-101.1224734439123, 19.619582638452364], [-101.12246988596036, 19.61931171324508], [-101.12332762681197, 19.619301596990066], [-101.12332050821509, 19.618759746850884], [-101.1230345956138, 19.618763119288708], [-101.12303815440428, 19.61903404441297], [-101.1221804148105, 19.619044159156978], [-101.1221768574552, 19.618773233881893], [-101.12189094461743, 19.6187766045062], [-101.12189450149434, 19.619047529831533], [-101.12160858811907, 19.619050900052702], [-101.1216121445767, 19.619321825419533], [-101.12132623066394, 19.619325195237554], [-101.12132978670225, 19.619596120645863], [-101.1224734439123, 19.619582638452364]]]}}, {"type": "Feature", "properties": {"_h": "955f9b06-2e47-5514-877f-7cba4171443b", "clase": 1, "anio": 2023, "area_ha": 1.62, "cerro": "Pico Azul–La Escalera"}, "geometry": {"type": "Polygon", "coordinates": [[[-101.12134401144633, 19.620679822191477], [-101.12133334279962, 19.61986704604541], [-101.12104742787095, 19.619870415510515], [-101.12104031669209, 19.61932856460218], [-101.12132623066394, 19.619325195237554], [-101.1213191187646, 19.618783344394643], [-101.12046137954222, 19.61879345082694], [-101.12046848857118, 19.619335301971244], [-101.12075440266118, 19.61933193351342], [-101.12076506808283, 19.62014471001347], [-101.12019323697326, 19.620151446777072], [-101.12019679127509, 19.62042237236001], [-101.11991087515328, 19.620425740111894], [-101.11991442903573, 19.62069666573629], [-101.12048626217718, 19.62068992967866], [-101.12048270733784, 19.6204190041547], [-101.12076862334152, 19.620415635495966], [-101.1207721786593, 19.620686560969695], [-101.12134401144633, 19.620679822191477]]]}}, {"type": "Feature", "properties": {"_h": "4f1047b1-9b92-52a4-bb86-351170f07d2b", "clase": 1, "anio": 1998, "area_ha": 1.17, "cerro": "Pico Azul–La Escalera"}, "geometry": {"type": "Polygon", "coordinates": [[[-101.14963502350822, 19.619260304289526], [-101.14962781677094, 19.61871846347842], [-101.14934190916564, 19.61872187767651], [-101.14933470362453, 19.61818003672847], [-101.1481910764315, 19.618193688580188], [-101.14819827814584, 19.61873552993535], [-101.14877009377544, 19.618728704712638], [-101.14877369567908, 19.618999625275283], [-101.14905960388246, 19.618996211933], [-101.14906320632431, 19.619267132435972], [-101.14963502350822, 19.619260304289526]]]}}, {"type": "Feature", "properties": {"_h": "4544236f-93c1-599f-a851-e85d55444441", "clase": 1, "anio": 2018, "area_ha": 0.63, "cerro": "Cerro del Águila"}, "geometry": {"type": "Polygon", "coordinates": [[[-101.33573668134706, 19.616128740972172], [-101.33573276682866, 19.615857855119536], [-101.336018632755, 19.61585414553612], [-101.3360108029573, 19.615312373914797], [-101.33515320785125, 19.615323500974018], [-101.33515712128353, 19.615594386955035], [-101.33544298686193, 19.615590678333046], [-101.33544690083727, 19.61586156424988], [-101.33516103478085, 19.615865272927167], [-101.33516494834319, 19.616136158890416], [-101.33573668134706, 19.616128740972172]]]}}, {"type": "Feature", "properties": {"_h": "8aa5ebd1-041f-5eb1-b22a-16a1c22236de", "clase": 1, "anio": 1992, "area_ha": 0.72, "cerro": "Pico Azul–La Escalera"}, "geometry": {"type": "Polygon", "coordinates": [[[-101.09930716340575, 19.619312380377597], [-101.09930364432326, 19.619041451103133], [-101.09958956180563, 19.61903811629731], [-101.09958604230319, 19.61876718706382], [-101.09987195924866, 19.61876385185431], [-101.09986491946239, 19.618221993460544], [-101.09957900347374, 19.618225328570592], [-101.09958252285922, 19.61849625782158], [-101.09929660633368, 19.61849959252795], [-101.09930012529922, 19.61877052181991], [-101.0987282911159, 19.618777189971887], [-101.09873532730875, 19.61931904872843], [-101.09930716340575, 19.619312380377597]]]}}, {"type": "Feature", "properties": {"_h": "248c11a7-7581-5399-8df9-24f85f1f3082", "clase": 1, "anio": 1992, "area_ha": 0.54, "cerro": "Pico Azul–La Escalera"}, "geometry": {"type": "Polygon", "coordinates": [[[-101.09929660633368, 19.61849959252795], [-101.0992930874266, 19.618228663227235], [-101.09900717132099, 19.618231997430488], [-101.09900365295077, 19.617961068071306], [-101.0987177372651, 19.61796440177145], [-101.09871421943174, 19.61769347235381], [-101.098428304166, 19.617696805550867], [-101.09843885640625, 19.61850959392666], [-101.09929660633368, 19.61849959252795]]]}}, {"type": "Feature", "properties": {"_h": "78edc95d-095b-5c46-9409-19103fff152a", "clase": 1, "anio": 2018, "area_ha": 0.99, "cerro": "Cerro del Águila"}, "geometry": {"type": "Polygon", "coordinates": [[[-101.33458930247295, 19.615872688922558], [-101.33458538993168, 19.615601802839848], [-101.33487125564011, 19.61559809512397], [-101.33486734268584, 19.615327209087663], [-101.33458147745542, 19.61533091674825], [-101.33457756504417, 19.615060030647758], [-101.33486342979658, 19.615056323042456], [-101.33485951697234, 19.614785436988363], [-101.3342877883585, 19.61479285163537], [-101.33429561215998, 19.61533462395579], [-101.33400974679954, 19.615338330710287], [-101.33401365831976, 19.615609216912432], [-101.33372779241633, 19.615612923269147], [-101.33372388137411, 19.61534203701173], [-101.33343801588369, 19.61534574286012], [-101.33344583707706, 19.61588751547657], [-101.33458930247295, 19.615872688922558]]]}}, {"type": "Feature", "properties": {"_h": "c9950972-bac6-58e5-bb05-707c23af9da8", "clase": 2, "anio": 2022, "area_ha": 5.85, "cerro": "Pico Azul–La Escalera"}, "geometry": {"type": "Polygon", "coordinates": [[[-101.11991442903573, 19.62069666573629], [-101.11991087515328, 19.620425740111894], [-101.12019679127509, 19.62042237236001], [-101.1201825744221, 19.619338669975676], [-101.12046848857118, 19.619335301971244], [-101.12046137954222, 19.61879345082694], [-101.12103320574954, 19.618786713658796], [-101.1210296503669, 19.61851578817395], [-101.12074373777115, 19.618519156934486], [-101.12074018292596, 19.618248231390655], [-101.12102609504332, 19.618244862680356], [-101.12102253977882, 19.61797393717799], [-101.12130845135874, 19.617970568064557], [-101.12130134005025, 19.617428717134025], [-101.12101542942706, 19.61743208614698], [-101.12101187433979, 19.617161160618334], [-101.12044005387285, 19.617167897183737], [-101.12044360800343, 19.617438822812844], [-101.11987178634357, 19.617445557665302], [-101.11987533957648, 19.617716483386072], [-101.11758804674902, 19.61774340506324], [-101.1175951457381, 19.618285257281396], [-101.11730923291242, 19.61828862055122], [-101.11731633118065, 19.61883047283464], [-101.1176022449631, 19.61882710946451], [-101.1175986953211, 19.618556183377333], [-101.11788460856619, 19.618552819603973], [-101.11787750850239, 19.618010967503658], [-101.11844933290205, 19.61800423879747], [-101.11845643487935, 19.61854609069712], [-101.11874234794743, 19.618542725563618], [-101.1187387964509, 19.618271799668353], [-101.11931062145325, 19.61826506814159], [-101.11930706905898, 19.61799414233794], [-101.11987889286846, 19.61798740909808], [-101.11988244621948, 19.618258334801332], [-101.11959653386587, 19.618261701698145], [-101.11960008679756, 19.618532627442836], [-101.11988599962953, 19.61852926049582], [-101.1198931066268, 19.619071111858513], [-101.11903536508342, 19.619081211640626], [-101.11905312643358, 19.620435840646998], [-101.11933904273252, 19.620432474255384], [-101.11934259565808, 19.620703399980183], [-101.11991442903573, 19.62069666573629]]]}}, {"type": "Feature", "properties": {"_h": "bb5c7e36-4e83-5ccd-bdff-0cb9b88932ba", "clase": 1, "anio": 1992, "area_ha": 3.24, "cerro": "Pico Azul–La Escalera"}, "geometry": {"type": "Polygon", "coordinates": [[[-101.09788108947359, 19.619599977368253], [-101.09787053940252, 19.618787188799274], [-101.09815645669876, 19.618783856310227], [-101.09814238884181, 19.617700138294538], [-101.09785647345917, 19.617703470584832], [-101.0978494408381, 19.617161611425114], [-101.0975635263538, 19.617164943162656], [-101.09756001060927, 19.616894013519993], [-101.09727409654491, 19.616897344754484], [-101.09727761181105, 19.61716827444683], [-101.09670578255034, 19.61717493565506], [-101.09670929691818, 19.61744586543799], [-101.0969952120561, 19.617442535010895], [-101.0969987269607, 19.617713464735413], [-101.09728464251862, 19.617710133805268], [-101.09729167345985, 19.618251993128716], [-101.09700575694514, 19.618255324158195], [-101.09700927202496, 19.61852625385647], [-101.09643743786353, 19.61853291465457], [-101.09645149493953, 19.61961663375745], [-101.09673741396317, 19.619613303386473], [-101.09673389912813, 19.619342373673533], [-101.09730573604331, 19.619335711670622], [-101.09730925183521, 19.61960664128423], [-101.09788108947359, 19.619599977368253]], [[-101.0975705580181, 19.61770680242174], [-101.09728464251862, 19.617710133805268], [-101.09728112713563, 19.617439204130417], [-101.09756704215673, 19.61743587279657], [-101.0975705580181, 19.61770680242174]]]}}, {"type": "Feature", "properties": {"_h": "572b1b74-ca50-5527-8d9c-ea82067fb59b", "clase": 1, "anio": 2023, "area_ha": 1.44, "cerro": "Pico Azul–La Escalera"}, "geometry": {"type": "Polygon", "coordinates": [[[-101.12272377642428, 19.616870014806], [-101.1227202185852, 19.616599089561355], [-101.12414976216168, 19.61658222711702], [-101.12414264187771, 19.616040377104355], [-101.12385673423735, 19.616043750399268], [-101.1238531746624, 19.615772825329486], [-101.1229954528213, 19.615782942343472], [-101.12299901096134, 19.616053867564123], [-101.12271310308438, 19.616057239045784], [-101.12271666080522, 19.61632816430795], [-101.12243075239085, 19.61633153538657], [-101.12242719514832, 19.616060610074125], [-101.12214128715314, 19.616063980649155], [-101.12215195762313, 19.616876756710983], [-101.12272377642428, 19.616870014806]], [[-101.1235743856936, 19.616318048352177], [-101.12300256916049, 19.61632479277602], [-101.12299901096134, 19.616053867564123], [-101.1235708265378, 19.616047123240865], [-101.1235743856936, 19.616318048352177]]]}}, {"type": "Feature", "properties": {"_h": "46f075e8-0b32-5725-8ca6-84da6358eea0", "clase": 1, "anio": 2018, "area_ha": 0.63, "cerro": "Cerro del Águila"}, "geometry": {"type": "Polygon", "coordinates": [[[-101.35228134719686, 19.613474888998137], [-101.35227346395494, 19.61293312356232], [-101.3511300338569, 19.612948060245394], [-101.35113791327544, 19.613489826126703], [-101.35142377185402, 19.613486092524035], [-101.35141983163409, 19.61321520964351], [-101.35170568966926, 19.61321147564354], [-101.35170963036711, 19.61348235846839], [-101.35228134719686, 19.613474888998137]]]}}, {"type": "Feature", "properties": {"_h": "5f150ba7-9362-5f74-854b-9fe8388298b7", "clase": 1, "anio": 1992, "area_ha": 3.51, "cerro": "Pico Azul–La Escalera"}, "geometry": {"type": "Polygon", "coordinates": [[[-101.08871765384866, 19.618622657919612], [-101.08871415264285, 19.618351726783832], [-101.0890000708482, 19.61834840890302], [-101.08899656922216, 19.618077477807976], [-101.08871065149522, 19.618080795639305], [-101.08870715040575, 19.617809864486034], [-101.08927898484465, 19.617803228468926], [-101.0892719809267, 19.617261366334063], [-101.08898606469313, 19.61726468447035], [-101.08898256329982, 19.61699375334032], [-101.08869664748644, 19.616997070973753], [-101.0886931466297, 19.61672613978551], [-101.08840723123653, 19.616729456916097], [-101.0883967304504, 19.6159166631505], [-101.08753898822712, 19.61592661137698], [-101.08754248699593, 19.61619754278928], [-101.08782840160687, 19.616194227117692], [-101.08783540027567, 19.61673608981717], [-101.087549484708, 19.616739405587655], [-101.08755298365126, 19.617010336973728], [-101.08698115138476, 19.617016967253456], [-101.0869846494294, 19.617287898729664], [-101.08669873273055, 19.61729121323889], [-101.08670223035493, 19.61756214475578], [-101.08698814753215, 19.617558830197126], [-101.08699164569303, 19.617829761655848], [-101.08813531573415, 19.61781649868955], [-101.0881423160576, 19.618358361185212], [-101.08842823437931, 19.618355044211224], [-101.08843173510671, 19.618625975396476], [-101.08871765384866, 19.618622657919612]], [[-101.08784589871502, 19.617548883800822], [-101.0875599817122, 19.61755219971965], [-101.08755648265266, 19.617281268351064], [-101.08784239917706, 19.617277952481682], [-101.08784589871502, 19.617548883800822]], [[-101.08812831564333, 19.61727463615892], [-101.08784239917706, 19.617277952481682], [-101.08783889969729, 19.617007021153796], [-101.08812481568518, 19.617003704880492], [-101.08812831564333, 19.61727463615892]]]}}, {"type": "Feature", "properties": {"_h": "f0929e17-ddcb-5212-8b4f-01707fe7fcc2", "clase": 1, "anio": 2018, "area_ha": 2.79, "cerro": "Cerro del Águila"}, "geometry": {"type": "Polygon", "coordinates": [[[-101.33742837545435, 19.61448116308648], [-101.33742054152738, 19.613939391929577], [-101.33713467927232, 19.613943103390863], [-101.33712684656162, 19.613401332087705], [-101.33798443026377, 19.613390196676896], [-101.3379805125722, 19.613119311178036], [-101.33883809425461, 19.613108171856368], [-101.33884201338003, 19.613379057189118], [-101.33912787428855, 19.613375343120534], [-101.33912395468519, 19.613104457843168], [-101.33940981505062, 19.613100743376975], [-101.33940589503447, 19.612829858146114], [-101.33711901411121, 19.61285956074898], [-101.33712293030388, 19.61313044642279], [-101.3368370694176, 19.61313415726506], [-101.33682923805323, 19.61259238579787], [-101.33625751799723, 19.61259980590213], [-101.33626534744985, 19.613141577590614], [-101.33569362522191, 19.613148996104208], [-101.3356975390899, 19.613419882045743], [-101.33598340071435, 19.61341617296014], [-101.33598731512535, 19.61368705883747], [-101.33627317716271, 19.613683349243544], [-101.33627709211672, 19.613954235056674], [-101.33684881695218, 19.61394681439915], [-101.33685273292718, 19.614217700092734], [-101.33713859572529, 19.614213989029114], [-101.33714251224335, 19.61448487465847], [-101.33742837545435, 19.61448116308648]]]}}, {"type": "Feature", "properties": {"_h": "5b725d66-b370-50f5-83c9-1dd9a9396362", "clase": 1, "anio": 2018, "area_ha": 1.35, "cerro": "Pico Azul–La Escalera"}, "geometry": {"type": "Polygon", "coordinates": [[[-101.10270645376976, 19.61683397377444], [-101.10270292947327, 19.616563045018363], [-101.10298884194788, 19.61655970521985], [-101.10298179257391, 19.61601784778105], [-101.10326770403327, 19.61601450762881], [-101.10326065393697, 19.615472650254617], [-101.1024029222531, 19.615482669052508], [-101.10240644583702, 19.615753597893388], [-101.10212053468028, 19.61575693663583], [-101.10213462768814, 19.616840652111012], [-101.10270645376976, 19.61683397377444]]]}}, {"type": "Feature", "properties": {"_h": "e0b644c6-83d3-581a-849a-50006a048d5d", "clase": 1, "anio": 1992, "area_ha": 0.72, "cerro": "Pico Azul–La Escalera"}, "geometry": {"type": "Polygon", "coordinates": [[[-101.0935501904755, 19.616398748845455], [-101.093543172789, 19.615856888109178], [-101.09325725982094, 19.615860212798236], [-101.09325024332436, 19.61531835192781], [-101.09353615533574, 19.615315027337928], [-101.09353264669657, 19.61504409693918], [-101.09267491192249, 19.615054069200134], [-101.09267841912668, 19.615324999747603], [-101.09296433125466, 19.615321676064372], [-101.09297485465201, 19.616134467505606], [-101.0932607681567, 19.616131143220322], [-101.09326427655076, 19.616402073633672], [-101.0935501904755, 19.616398748845455]]]}}, {"type": "Feature", "properties": {"_h": "2ad378f9-f032-521e-82af-51cbc0ac19ca", "clase": 1, "anio": 2018, "area_ha": 0.72, "cerro": "Cerro del Águila"}, "geometry": {"type": "Polygon", "coordinates": [[[-101.35341294957065, 19.61264729712334], [-101.35340111966075, 19.611834649544697], [-101.35311526440809, 19.611838385983905], [-101.35310737908488, 19.611296620775533], [-101.35282152472244, 19.61130035665037], [-101.35284123613246, 19.612654769883118], [-101.35341294957065, 19.61264729712334]]]}}, {"type": "Feature", "properties": {"_h": "ede49cd0-8d4e-5159-afd9-606ad87b54d2", "clase": 1, "anio": 2018, "area_ha": 1.53, "cerro": "Cerro del Águila"}, "geometry": {"type": "Polygon", "coordinates": [[[-101.33797267738433, 19.61257754015363], [-101.3379609250908, 19.611764883550354], [-101.33767506678939, 19.61176859547481], [-101.3376711499663, 19.611497709867248], [-101.3373852920777, 19.611501421283396], [-101.33738920842289, 19.611772306946307], [-101.33710334999131, 19.61177601796485], [-101.33709943412403, 19.61150513224659], [-101.33595600165863, 19.61151997156987], [-101.33595991561432, 19.61179085750943], [-101.33624577430615, 19.611787148302724], [-101.33625360336848, 19.612328920044547], [-101.33653946295108, 19.61232521027424], [-101.33653554790948, 19.61205432446309], [-101.33710726592368, 19.61204690367422], [-101.33711509798363, 19.61258867506628], [-101.33740095784894, 19.61258496388171], [-101.33739704130852, 19.612314078245465], [-101.33768290063082, 19.612310366663266], [-101.33768681764919, 19.61258125224416], [-101.33797267738433, 19.61257754015363]]]}}, {"type": "Feature", "properties": {"_h": "8abfdd6c-65d3-5416-94c0-aad769cf46a8", "clase": 1, "anio": 1992, "area_ha": 0.99, "cerro": "Pico Azul–La Escalera"}, "geometry": {"type": "Polygon", "coordinates": [[[-101.09096644952761, 19.615615863163054], [-101.0909594408008, 19.615074001482338], [-101.09067352874332, 19.61507732194274], [-101.09067002494558, 19.614806391039743], [-101.09038411330819, 19.614809710997307], [-101.09037710684402, 19.614267849066056], [-101.08980528530776, 19.614274487423216], [-101.08980878755415, 19.614545418492224], [-101.09009469882967, 19.614542099490794], [-101.0901087103105, 19.615625823481363], [-101.09096644952761, 19.615615863163054]]]}}, {"type": "Feature", "properties": {"_h": "166f0d26-6110-505e-b0f9-0aeb26d73012", "clase": 1, "anio": 0, "area_ha": 0.63, "cerro": "Cerro del Águila"}, "geometry": {"type": "Polygon", "coordinates": [[[-101.35168204685725, 19.611586178507576], [-101.3516702263352, 19.610773529819458], [-101.35109851880141, 19.61078099636421], [-101.35110245795421, 19.611051879380508], [-101.35081660361126, 19.611055612029176], [-101.35082448115755, 19.6115973781464], [-101.35168204685725, 19.611586178507576]], [[-101.35139225192786, 19.611319029230636], [-101.3511063971725, 19.6113227623879], [-101.35110245795421, 19.611051879380508], [-101.35138831223172, 19.611048146278915], [-101.35139225192786, 19.611319029230636]]]}}, {"type": "Feature", "properties": {"_h": "3d85fa7a-0d3a-55f4-afc1-2e68932eaa15", "clase": 1, "anio": 2018, "area_ha": 0.54, "cerro": "Cerro del Águila"}, "geometry": {"type": "Polygon", "coordinates": [[[-101.35482250388321, 19.611274196015085], [-101.35481855845272, 19.611003313731977], [-101.35539026523868, 19.610995835299963], [-101.35538631891804, 19.610724953119483], [-101.3545287600743, 19.61073616992084], [-101.35453270496139, 19.61100705226861], [-101.35396099778207, 19.611014527983123], [-101.35396494177898, 19.611285410433474], [-101.35482250388321, 19.611274196015085]]]}}, {"type": "Feature", "properties": {"_h": "3e72ee6d-afff-5b73-97b8-17838c5ef848", "clase": 1, "anio": 2018, "area_ha": 0.54, "cerro": "Cerro del Águila"}, "geometry": {"type": "Polygon", "coordinates": [[[-101.36625660880259, 19.61112428092682], [-101.36624471536672, 19.61031164075798], [-101.36595886545985, 19.6103153972989], [-101.3659549015908, 19.610044517168784], [-101.36566905209587, 19.610048273200793], [-101.36568094246714, 19.61086091373248], [-101.36596679339554, 19.61085715753242], [-101.36597075746221, 19.61112803763581], [-101.36625660880259, 19.61112428092682]]]}}, {"type": "Feature", "properties": {"_h": "f8a92ccc-27bd-5394-bdaf-470921855a95", "clase": 1, "anio": 1992, "area_ha": 0.81, "cerro": "Pico Azul–La Escalera"}, "geometry": {"type": "Polygon", "coordinates": [[[-101.09980860959443, 19.613887125050457], [-101.09979453446681, 19.61280340759798], [-101.09893681502463, 19.61281340858453], [-101.098943849602, 19.613355267626595], [-101.09922975709769, 19.613351934318242], [-101.09923327495231, 19.61362286377644], [-101.0995191828678, 19.61361952996509], [-101.09952270125916, 19.613890459364814], [-101.09980860959443, 19.613887125050457]]]}}, {"type": "Feature", "properties": {"_h": "9aad0a96-6ada-5d0d-895a-a277ee310f83", "clase": 1, "anio": 1992, "area_ha": 0.63, "cerro": "Pico Azul–La Escalera"}, "geometry": {"type": "Polygon", "coordinates": [[[-101.08836523123307, 19.613478281381607], [-101.08836173161085, 19.61320735003024], [-101.0886476407859, 19.61320403354271], [-101.08863364096564, 19.61212030824769], [-101.08834773370361, 19.61212362453736], [-101.08835123309318, 19.612394555923693], [-101.08806532529472, 19.612397871809574], [-101.08806882426421, 19.61266880323662], [-101.0883547325409, 19.612665487301285], [-101.08835823204679, 19.612936418670138], [-101.08807232329184, 19.61293973465493], [-101.08807932152158, 19.613481597465316], [-101.08836523123307, 19.613478281381607]]]}}, {"type": "Feature", "properties": {"_h": "a67c0d81-a6e7-518a-98da-c71782d94b01", "clase": 1, "anio": 2018, "area_ha": 0.99, "cerro": "Cerro del Águila"}, "geometry": {"type": "Polygon", "coordinates": [[[-101.3510867017357, 19.609968347261944], [-101.35108276284473, 19.609697464210058], [-101.35165446655583, 19.609689998110717], [-101.35165052677468, 19.609419115161288], [-101.3507929725433, 19.609430313463946], [-101.35078509604425, 19.608888547204348], [-101.3504992454585, 19.60889227895482], [-101.35050318319749, 19.60916316214472], [-101.34993148087405, 19.609170624398352], [-101.3499393546371, 19.609712390974064], [-101.35079691089099, 19.609701196580396], [-101.35080084930414, 19.609972079687946], [-101.3510867017357, 19.609968347261944]]]}}, {"type": "Feature", "properties": {"_h": "61e37cf8-9f43-5bca-b8b9-05706624c470", "clase": 1, "anio": 2012, "area_ha": 1.17, "cerro": "Pico Azul–La Escalera"}, "geometry": {"type": "Polygon", "coordinates": [[[-101.1243858269855, 19.612785903147813], [-101.1243787074016, 19.61224405299042], [-101.12466460822814, 19.61224067949333], [-101.12466816846872, 19.61251160452609], [-101.1249540697143, 19.612508230525464], [-101.12494694833593, 19.611966380551813], [-101.12466104804675, 19.611969754451803], [-101.12465392786144, 19.611427904342474], [-101.12408212901826, 19.611434650581568], [-101.12408568812498, 19.611705575741233], [-101.12379978813647, 19.61170894823129], [-101.123806905571, 19.61225079862496], [-101.12409280651588, 19.6122474260343], [-101.12409636580006, 19.612518351167687], [-101.12381046437699, 19.612521723808648], [-101.1238140232421, 19.61279264898357], [-101.1243858269855, 19.612785903147813]]]}}, {"type": "Feature", "properties": {"_h": "f1e0d17e-d230-52c3-9889-c5fb582b0367", "clase": 1, "anio": 2018, "area_ha": 0.63, "cerro": "Cerro del Águila"}, "geometry": {"type": "Polygon", "coordinates": [[[-101.36994487632032, 19.609179247079517], [-101.36993693579733, 19.608637488309], [-101.36936524336521, 19.608645012039613], [-101.3693612741582, 19.608374132528784], [-101.36907542832095, 19.60837789365873], [-101.36908733470656, 19.609190532332804], [-101.36994487632032, 19.609179247079517]]]}}, {"type": "Feature", "properties": {"_h": "9a4db5ab-ed0e-5ebe-b7b4-8c7831d5250a", "clase": 1, "anio": 1992, "area_ha": 0.9, "cerro": "Pico Azul–La Escalera"}, "geometry": {"type": "Polygon", "coordinates": [[[-101.09235744230398, 19.61261901661371], [-101.09235043007598, 19.612077155236026], [-101.09177861700725, 19.61208379914664], [-101.09177160692524, 19.611541937535787], [-101.09148570125993, 19.61154525871215], [-101.0914892057936, 19.61181618957149], [-101.09120329959183, 19.611819510344144], [-101.09121030787743, 19.612361372135652], [-101.09149621503568, 19.612358051263936], [-101.09149971974409, 19.612628982097043], [-101.09235744230398, 19.61261901661371]]]}}, {"type": "Feature", "properties": {"_h": "172c07e3-93fa-5f89-8261-2e868529d982", "clase": 1, "anio": 1992, "area_ha": 0.63, "cerro": "Pico Azul–La Escalera"}, "geometry": {"type": "Polygon", "coordinates": [[[-101.09035608884878, 19.61264226306248], [-101.0903420780163, 19.611558538885237], [-101.09005617205985, 19.611561857795415], [-101.09006317640319, 19.612103720000526], [-101.08977726943208, 19.612107038556463], [-101.08977376770952, 19.61183610740878], [-101.08948786115843, 19.611839425461973], [-101.08949486370527, 19.612381287847583], [-101.09006667866218, 19.612374651089972], [-101.09007018097938, 19.612645582170675], [-101.09035608884878, 19.61264226306248]]]}}, {"type": "Feature", "properties": {"_h": "fefc9aaf-cf2d-5201-8337-b1cfbc573b99", "clase": 1, "anio": 2005, "area_ha": 3.69, "cerro": "Cerro del Águila"}, "geometry": {"type": "Polygon", "coordinates": [[[-101.36109940697064, 19.61037918920255], [-101.36109545122454, 19.610108308121045], [-101.36138130177237, 19.610104559335166], [-101.3613773456142, 19.609833678300664], [-101.36166319561846, 19.609829929117815], [-101.36165923904824, 19.609559048130333], [-101.36137338952179, 19.60956279725726], [-101.36136943349511, 19.60929191620496], [-101.36194113152666, 19.609284417610052], [-101.36193717461015, 19.60901353666068], [-101.36050793142714, 19.6090322794719], [-101.36050002256921, 19.608490516987363], [-101.3610717181285, 19.608483021445043], [-101.36106776284257, 19.608212140301212], [-101.36049606823882, 19.608219635731732], [-101.36049211397413, 19.607948754467202], [-101.35992042006303, 19.607956247974585], [-101.3599243733722, 19.608227129350887], [-101.35963852584031, 19.6082308754812], [-101.35964643170017, 19.608772638318843], [-101.35936058314705, 19.60877638410805], [-101.35936453569774, 19.609047265569387], [-101.35965038472864, 19.609043519724306], [-101.3596543378228, 19.609314401120873], [-101.35908263873971, 19.609321892469897], [-101.35909054321388, 19.609863655459776], [-101.3593763937439, 19.609859909899978], [-101.35937244099617, 19.60958902846535], [-101.35994414090347, 19.60958153609884], [-101.35994809460685, 19.609852417421727], [-101.36023394493975, 19.609848670503276], [-101.36023789918666, 19.61011955176137], [-101.36052374993167, 19.61011580433415], [-101.36051979520695, 19.609844923131945], [-101.36080564540845, 19.609841175307732], [-101.36081355587923, 19.610382937591446], [-101.36109940697064, 19.61037918920255]]]}}, {"type": "Feature", "properties": {"_h": "3f1e785e-8c36-51b4-9f69-a0a9588eba4c", "clase": 1, "anio": 2018, "area_ha": 0.54, "cerro": "Cerro del Águila"}, "geometry": {"type": "Polygon", "coordinates": [[[-101.35421529796596, 19.608843730875037], [-101.35420741026178, 19.608301965916723], [-101.35449325904051, 19.60829822839048], [-101.35448931480896, 19.608027345953715], [-101.35420346650803, 19.608031083424212], [-101.3541955791971, 19.607489318412497], [-101.35390973178615, 19.607493055318667], [-101.35392944816613, 19.60884746805991], [-101.35421529796596, 19.608843730875037]]]}}, {"type": "Feature", "properties": {"_h": "c3133f31-4a00-5333-9b28-f65b554a32b8", "clase": 1, "anio": 1992, "area_ha": 1.17, "cerro": "Pico Azul–La Escalera"}, "geometry": {"type": "Polygon", "coordinates": [[[-101.08718312043493, 19.61051129547524], [-101.08717962336522, 19.610240363829938], [-101.08746552751239, 19.610237049699336], [-101.08745503521752, 19.60942425485929], [-101.08688322973403, 19.60943088237069], [-101.0868867261512, 19.609701814091643], [-101.08660082284412, 19.60970512721698], [-101.08660431884124, 19.609976058978617], [-101.08631841499788, 19.609979371700177], [-101.08631142401806, 19.609437508069334], [-101.08602552107294, 19.609440820238873], [-101.08603600619529, 19.610253615820252], [-101.0868937191599, 19.610243677507327], [-101.08689721575143, 19.610514609202063], [-101.08718312043493, 19.61051129547524]]]}}, {"type": "Feature", "properties": {"_h": "ea83a0c6-722c-52c5-8158-e606a2085ced", "clase": 1, "anio": 1992, "area_ha": 4.59, "cerro": "Pico Azul–La Escalera"}, "geometry": {"type": "Polygon", "coordinates": [[[-101.10549148229794, 19.61111105964016], [-101.10548442665953, 19.610569202748383], [-101.10519852523399, 19.610572545530008], [-101.10519147078644, 19.61003068850351], [-101.10547737125566, 19.610027345821614], [-101.10547384364168, 19.6097564173451], [-101.1051879436506, 19.609759759977134], [-101.10518441657341, 19.60948883144201], [-101.10489851700184, 19.609492173571024], [-101.1049055702586, 19.61003403073223], [-101.10433376902706, 19.61004071383012], [-101.10433024332566, 19.6097697851542], [-101.10375844281602, 19.609776466339685], [-101.10374786893229, 19.608963679960446], [-101.10346197002399, 19.60896701972396], [-101.10346549411518, 19.609237948575608], [-101.10260779560446, 19.60924796529662], [-101.10260427294764, 19.60897703629555], [-101.10146067602614, 19.6089903853801], [-101.10146419677044, 19.60926131458031], [-101.10175009656675, 19.609257977939137], [-101.1017536178477, 19.609528907080822], [-101.1020395180636, 19.609525569936704], [-101.10204303988125, 19.609796499019858], [-101.10261484109374, 19.60978982327252], [-101.10261836392623, 19.610060752247353], [-101.10204656175742, 19.610067428094272], [-101.10205712773717, 19.610880215265006], [-101.10320073757859, 19.610866861160844], [-101.10319721361408, 19.61059593231187], [-101.10291131171975, 19.61059927146791], [-101.102907788292, 19.61032834256038], [-101.10347959106576, 19.61032166389472], [-101.10347606674026, 19.610050735078065], [-101.10404786832338, 19.61004405469928], [-101.10405491894564, 19.610585912124545], [-101.10462672220703, 19.610579229733673], [-101.1046302485624, 19.610850158333502], [-101.10520205254569, 19.610843474030137], [-101.10520557991603, 19.611114402521505], [-101.10549148229794, 19.61111105964016]]]}}, {"type": "Feature", "properties": {"_h": "eaf7f3da-41e3-59bd-ae1c-363fb13c1ca7", "clase": 1, "anio": 1992, "area_ha": 0.63, "cerro": "Pico Azul–La Escalera"}, "geometry": {"type": "Polygon", "coordinates": [[[-101.08574311257424, 19.60971506387383], [-101.08573961806971, 19.609444131955225], [-101.08545371500841, 19.609447443218386], [-101.0854502210401, 19.609176511241653], [-101.0851643183989, 19.609179822002233], [-101.08516082496682, 19.608908889967374], [-101.08487492274566, 19.608912200225394], [-101.08487142984981, 19.60864126813241], [-101.08458552804873, 19.60864457788788], [-101.08459251294221, 19.609186442163853], [-101.08487841569958, 19.609183132309635], [-101.08488190871155, 19.60945406438514], [-101.08516781188902, 19.609450754028355], [-101.08517130543721, 19.60972168604574], [-101.08574311257424, 19.60971506387383]]]}}, {"type": "Feature", "properties": {"_h": "5200cefd-307e-5bca-80c0-4044856c4d80", "clase": 1, "anio": 2005, "area_ha": 1.62, "cerro": "Cerro del Águila"}, "geometry": {"type": "Polygon", "coordinates": [[[-101.35733594757777, 19.60717730065226], [-101.35732805014995, 19.60663553681429], [-101.3570422048936, 19.60663927853414], [-101.35703825675584, 19.60636839654599], [-101.35732410153447, 19.60636465488196], [-101.35732015298463, 19.606093772940724], [-101.3576059972199, 19.606090030879717], [-101.35760204825799, 19.605819148985404], [-101.3573162045004, 19.60582289099059], [-101.35731225608181, 19.605552009031552], [-101.3570264127363, 19.605555750528147], [-101.3570303606772, 19.605826632542996], [-101.35674451678838, 19.605830373642615], [-101.35674056932518, 19.605559491571963], [-101.35645472584844, 19.605563232162993], [-101.35645077892855, 19.60529235002765], [-101.35587909273363, 19.605299829739806], [-101.35588303869815, 19.605570711986726], [-101.3561688823061, 19.605566972301258], [-101.3561728288139, 19.605837854483497], [-101.35645867283394, 19.60583411428945], [-101.35647446143197, 19.606917642706254], [-101.35704615309697, 19.606910160513383], [-101.35705010136597, 19.607181042483724], [-101.35733594757777, 19.60717730065226]]]}}, {"type": "Feature", "properties": {"_h": "3d96cdeb-22d2-50a6-8083-13ec1b989838", "clase": 1, "anio": 2019, "area_ha": 0.54, "cerro": "Cerro del Águila"}, "geometry": {"type": "Polygon", "coordinates": [[[-101.36931761723474, 19.605394457321626], [-101.36930571218625, 19.604581818441694], [-101.36901987303686, 19.604585578786295], [-101.36902384084274, 19.604856458477943], [-101.36845216139082, 19.604863977921088], [-101.36845612830733, 19.605134857716003], [-101.36874196854393, 19.60513109816472], [-101.36874593600405, 19.605401977894633], [-101.36931761723474, 19.605394457321626]]]}}, {"type": "Feature", "properties": {"_h": "9f5ae460-728f-5012-8d38-e026b7eea781", "clase": 1, "anio": 2018, "area_ha": 0.54, "cerro": "Pico Azul–La Escalera"}, "geometry": {"type": "Polygon", "coordinates": [[[-101.11117060931288, 19.608063904486936], [-101.11115999919332, 19.60725112184329], [-101.11087410467935, 19.607254473088805], [-101.11087764084901, 19.607525400695437], [-101.11030585068856, 19.607532101927113], [-101.11030938596086, 19.60780302962496], [-101.11059528154854, 19.607799679185696], [-101.11059881735768, 19.60807060682481], [-101.11117060931288, 19.608063904486936]]]}}, {"type": "Feature", "properties": {"_h": "604b7917-838b-5865-9dc1-84e57203fe80", "clase": 1, "anio": 2008, "area_ha": 0.54, "cerro": "Pico Azul–La Escalera"}, "geometry": {"type": "Polygon", "coordinates": [[[-101.16548613605013, 19.607147999887015], [-101.1654788810451, 19.606606164026037], [-101.16490711458185, 19.606613038230293], [-101.16490348812573, 19.60634212018408], [-101.1643317223773, 19.606348992473688], [-101.16433534787748, 19.606619910622424], [-101.1646212312598, 19.60661647465287], [-101.16462485729824, 19.60688739274157], [-101.16519662483802, 19.60688051934084], [-101.16520025189268, 19.60715143731821], [-101.16548613605013, 19.607147999887015]]]}}, {"type": "Feature", "properties": {"_h": "f071b28d-bec8-5170-b7cb-fb30eace3a6d", "clase": 1, "anio": 2009, "area_ha": 0.81, "cerro": "Pico Azul–La Escalera"}, "geometry": {"type": "Polygon", "coordinates": [[[-101.16119786736147, 19.607199513785204], [-101.16119424699868, 19.60692859509063], [-101.16148013152149, 19.606925164053266], [-101.16147289002049, 19.606383326740133], [-101.16032935539211, 19.606397047761916], [-101.16033297420059, 19.606667966627576], [-101.16061885842592, 19.60666453700051], [-101.16062609717933, 19.60720637460314], [-101.16119786736147, 19.607199513785204]]]}}, {"type": "Feature", "properties": {"_h": "0f2035fe-a7da-521b-8b83-5a95b4ce8d20", "clase": 1, "anio": 2006, "area_ha": 1.26, "cerro": "Cerro del Águila"}, "geometry": {"type": "Polygon", "coordinates": [[[-101.36473227788642, 19.604641929626293], [-101.36472831731119, 19.604371049085128], [-101.36501415697136, 19.604367295587664], [-101.36501019598434, 19.604096415093576], [-101.36529603510101, 19.604092661199378], [-101.36529207370218, 19.603821780752387], [-101.36500623506315, 19.60382553459059], [-101.3650022742078, 19.603554654078707], [-101.36414475932855, 19.603565912709], [-101.36414871875103, 19.603836793388854], [-101.36386287984868, 19.603840545416155], [-101.36387079793576, 19.604382306861087], [-101.3641566377934, 19.604378554721844], [-101.3641605974133, 19.604649435374977], [-101.36473227788642, 19.604641929626293]]]}}, {"type": "Feature", "properties": {"_h": "5d1e0329-a65a-5dd0-96c5-0f889a3d0d71", "clase": 1, "anio": 2007, "area_ha": 0.99, "cerro": "Pico Azul–La Escalera"}, "geometry": {"type": "Polygon", "coordinates": [[[-101.07456850179423, 19.607947332177734], [-101.07456502634282, 19.607676398276606], [-101.07485092825844, 19.6076731045789], [-101.07484397657271, 19.60713123684872], [-101.07455807561331, 19.607134530448146], [-101.07455460033522, 19.606863596520817], [-101.07369689854474, 19.606873474452865], [-101.07370384629006, 19.607415342593526], [-101.07398974790087, 19.607412050304415], [-101.07399322233827, 19.607682984312536], [-101.07427912436943, 19.60767969152115], [-101.07428259934271, 19.607950625471407], [-101.07456850179423, 19.607947332177734]]]}}, {"type": "Feature", "properties": {"_h": "c5077bb8-e7be-5874-b555-631f97004e4b", "clase": 1, "anio": 1992, "area_ha": 0.54, "cerro": "Pico Azul–La Escalera"}, "geometry": {"type": "Polygon", "coordinates": [[[-101.08256676933259, 19.60731307091735], [-101.08256328060985, 19.60704213837714], [-101.08227738121327, 19.60704544421131], [-101.08227389302662, 19.606774511613047], [-101.08198799405015, 19.60677781694477], [-101.08198450639956, 19.606506884288468], [-101.08141270922887, 19.606513493493924], [-101.0814161959233, 19.606784426248844], [-101.08170209501571, 19.60678112182337], [-101.08170558224619, 19.60705205452025], [-101.08199148175872, 19.607048749592348], [-101.08199496952527, 19.607319682231186], [-101.08256676933259, 19.60731307091735]]]}}, {"type": "Feature", "properties": {"_h": "7681515e-9b44-54a3-a08b-12e14c430eb8", "clase": 1, "anio": 2009, "area_ha": 0.63, "cerro": "Pico Azul–La Escalera"}, "geometry": {"type": "Polygon", "coordinates": [[[-101.16031849932759, 19.605584291112283], [-101.16031488075973, 19.605313372211512], [-101.16002899886406, 19.605316801129756], [-101.16002538083428, 19.60504588216904], [-101.15973949935643, 19.605049310583123], [-101.15973588186473, 19.60477839156248], [-101.15916411968449, 19.60478524692938], [-101.15917135281626, 19.605327085166444], [-101.15974311690826, 19.605320229594984], [-101.15974673452023, 19.60559114859807], [-101.16031849932759, 19.605584291112283]]]}}, {"type": "Feature", "properties": {"_h": "5d4d533a-8f92-504e-8305-62eee5c49c06", "clase": 1, "anio": 2012, "area_ha": 0.63, "cerro": "Pico Azul–La Escalera"}, "geometry": {"type": "Polygon", "coordinates": [[[-101.10685039968725, 19.605675772930674], [-101.10684687062127, 19.605404844563566], [-101.1074186545424, 19.60539815500515], [-101.10741512457905, 19.605127226729113], [-101.10712923312583, 19.60513057168494], [-101.10712570369917, 19.604859643350235], [-101.10741159467439, 19.60485629844431], [-101.1074080648284, 19.60458537015076], [-101.10683628377531, 19.604592059409757], [-101.10684334161394, 19.605133916187715], [-101.1065574500434, 19.605137260237427], [-101.10656450716067, 19.605679117080175], [-101.10685039968725, 19.605675772930674]]]}}, {"type": "Feature", "properties": {"_h": "852f34d0-5f81-5cbf-a9b8-f30f1ef9f26b", "clase": 1, "anio": 2018, "area_ha": 0.81, "cerro": "Pico Azul–La Escalera"}, "geometry": {"type": "Polygon", "coordinates": [[[-101.1471570584463, 19.604928791064538], [-101.14714986570138, 19.604386948509134], [-101.14743574838388, 19.604383540179906], [-101.14743215162319, 19.6041126189399], [-101.14714626941861, 19.60411602721828], [-101.14714267319563, 19.60384510591865], [-101.14685679140919, 19.60384851369319], [-101.14686038715426, 19.604119435043668], [-101.14657450483011, 19.60412284241607], [-101.1465816955437, 19.604664685192386], [-101.14629581220393, 19.60466809221346], [-101.14629940717244, 19.604939013639285], [-101.1471570584463, 19.604928791064538]]]}}, {"type": "Feature", "properties": {"_h": "abac91d6-6063-5857-919d-f5ebba8fb582", "clase": 1, "anio": 2009, "area_ha": 1.08, "cerro": "Pico Azul–La Escalera"}, "geometry": {"type": "Polygon", "coordinates": [[[-101.1685763722832, 19.60304639689695], [-101.16856910857402, 19.60250456190148], [-101.16885498388272, 19.602501119906886], [-101.16885135164084, 19.60223020244733], [-101.16685022655723, 19.602254286538702], [-101.16685385545415, 19.602525204357622], [-101.16771148228567, 19.602514885167718], [-101.1677151126765, 19.602785802823874], [-101.16800098864418, 19.60278236213672], [-101.16800461957322, 19.603053279732755], [-101.1685763722832, 19.60304639689695]]]}}, {"type": "Feature", "properties": {"_h": "77f925d2-74fb-5694-912e-0d26b439de68", "clase": 1, "anio": 1992, "area_ha": 1.08, "cerro": "Pico Azul–La Escalera"}, "geometry": {"type": "Polygon", "coordinates": [[[-101.09024402826813, 19.603972465728386], [-101.09024052733541, 19.60370153441748], [-101.08995463524386, 19.603704851892097], [-101.08995113484733, 19.60343392052295], [-101.08966524317556, 19.603437237495033], [-101.0896617433152, 19.603166306067656], [-101.089947634509, 19.603162989145066], [-101.08994413422886, 19.602892057758442], [-101.08880057101648, 19.60290532253269], [-101.08880406938474, 19.60317625411724], [-101.08908996075307, 19.603172938553744], [-101.08909695862008, 19.60371480159769], [-101.08938285088618, 19.6037114854822], [-101.08938635038493, 19.603982416941584], [-101.09024402826813, 19.603972465728386]]]}}, {"type": "Feature", "properties": {"_h": "9f2613f9-9a1b-5187-b978-73277214f3bb", "clase": 1, "anio": 2004, "area_ha": 2.25, "cerro": "Pico Azul–La Escalera"}, "geometry": {"type": "Polygon", "coordinates": [[[-101.16028231635575, 19.60287510170946], [-101.16027869838938, 19.602604182720892], [-101.16085045244212, 19.60259732454872], [-101.16083959603681, 19.601784567837328], [-101.16026784485119, 19.601791425702515], [-101.16027146263711, 19.602062344717417], [-101.15969971025521, 19.602069200873235], [-101.1596924766549, 19.601527362630037], [-101.15883485049815, 19.601537643160025], [-101.15884931220508, 19.60262132022492], [-101.15942106685918, 19.60261446658212], [-101.15942468339193, 19.602885385724136], [-101.16028231635575, 19.60287510170946]]]}}, {"type": "Feature", "properties": {"_h": "a18b6394-de39-5736-9f02-a368fe9a891a", "clase": 1, "anio": 1998, "area_ha": 0.81, "cerro": "Pico Azul–La Escalera"}, "geometry": {"type": "Polygon", "coordinates": [[[-101.15598692459112, 19.60238464149858], [-101.1559724822385, 19.60130096235496], [-101.15568660660989, 19.60130438371228], [-101.15569021663018, 19.601575303562395], [-101.15511846423725, 19.601582145020394], [-101.15512568254648, 19.602123984898487], [-101.15541155972863, 19.602120564293866], [-101.15541516945112, 19.602391484168706], [-101.15598692459112, 19.60238464149858]]]}}, {"type": "Feature", "properties": {"_h": "640ec2a2-1bf2-59a9-a7f5-bf78b34e382d", "clase": 1, "anio": 2003, "area_ha": 0.63, "cerro": "Pico Azul–La Escalera"}, "geometry": {"type": "Polygon", "coordinates": [[[-101.06219519633679, 19.60185700421021], [-101.06219174276593, 19.601586068001918], [-101.06190584931097, 19.601589340637045], [-101.06189894329744, 19.601047468096624], [-101.06161305074096, 19.601050740181073], [-101.06160959829825, 19.60077980384895], [-101.0613237061623, 19.600783075431572], [-101.06133406222881, 19.60159588454824], [-101.06161995579859, 19.60159261281915], [-101.06162340841351, 19.601863549125103], [-101.06219519633679, 19.60185700421021]]]}}, {"type": "Feature", "properties": {"_h": "cf528f1b-c756-50c3-a8ce-60ddf27dcffa", "clase": 1, "anio": 1994, "area_ha": 1.08, "cerro": "Pico Azul–La Escalera"}, "geometry": {"type": "Polygon", "coordinates": [[[-101.07391679805629, 19.601722434117153], [-101.07390637872889, 19.60090963149041], [-101.07362048859055, 19.600912922600767], [-101.07361354361684, 19.60037105404107], [-101.0730417650786, 19.600377634706398], [-101.07305565143356, 19.6014613721837], [-101.07334154264325, 19.601458081881127], [-101.07334501485424, 19.601729016179537], [-101.07391679805629, 19.601722434117153]]]}}, {"type": "Feature", "properties": {"_h": "bd357f3a-8876-568c-9075-799f3bb86688", "clase": 1, "anio": 1992, "area_ha": 0.54, "cerro": "Pico Azul–La Escalera"}, "geometry": {"type": "Polygon", "coordinates": [[[-101.09477620234361, 19.60066815693547], [-101.09476567887693, 19.5998553650406], [-101.09419390988175, 19.59986201264513], [-101.09420443048114, 19.600674804837613], [-101.09477620234361, 19.60066815693547]]]}}, {"type": "Feature", "properties": {"_h": "57f35b9a-3b96-529a-bbd9-ed0d68cc5569", "clase": 1, "anio": 2015, "area_ha": 0.54, "cerro": "Pico Azul–La Escalera"}, "geometry": {"type": "Polygon", "coordinates": [[[-101.15309209019318, 19.599709633507146], [-101.15308848489308, 19.59943871313643], [-101.15280261200934, 19.599442129607745], [-101.15279900724695, 19.59917120917728], [-101.1522272622552, 19.59917804065936], [-101.1522236585083, 19.598907120118167], [-101.15193778640032, 19.598910535128958], [-101.15194499299848, 19.599452376304495], [-101.15251673906563, 19.5994455456262], [-101.15252034341017, 19.599716466098872], [-101.15309209019318, 19.599709633507146]]]}}, {"type": "Feature", "properties": {"_h": "7eb26c99-c9c3-5c31-a36a-15e5ab30320a", "clase": 1, "anio": 2014, "area_ha": 1.26, "cerro": "Pico Azul–La Escalera"}, "geometry": {"type": "Polygon", "coordinates": [[[-101.15194859638744, 19.59972329687911], [-101.15194499299848, 19.599452376304495], [-101.15080150014529, 19.599466032226683], [-101.15079789872738, 19.59919511143951], [-101.15022615289703, 19.59920193658154], [-101.15022255249454, 19.598931015683743], [-101.14936493473338, 19.598941249847584], [-101.14937213273154, 19.599483091939863], [-101.15022975335938, 19.599472857470566], [-101.15023335388159, 19.599743778350824], [-101.15194859638744, 19.59972329687911]]]}}, {"type": "Feature", "properties": {"_h": "1a064681-5421-57df-8681-fa5ab64e533c", "clase": 1, "anio": 1992, "area_ha": 0.72, "cerro": "Pico Azul–La Escalera"}, "geometry": {"type": "Polygon", "coordinates": [[[-101.08361963059515, 19.60025559909842], [-101.08361265239995, 19.599713733949724], [-101.08246910701601, 19.599726956489654], [-101.08247608138812, 19.60026882203301], [-101.08361963059515, 19.60025559909842]]]}}, {"type": "Feature", "properties": {"_h": "74aec570-bb76-550d-9f8f-d46f437cdf86", "clase": 1, "anio": 2009, "area_ha": 1.89, "cerro": "Pico Azul–La Escalera"}, "geometry": {"type": "Polygon", "coordinates": [[[-101.1668103126728, 19.599274189950993], [-101.16680668449982, 19.599003272026692], [-101.16709255395922, 19.598999833416762], [-101.16708892536882, 19.59872891553499], [-101.16766066315111, 19.598722037059265], [-101.16765340424034, 19.59818020147468], [-101.16736753633484, 19.598183640836304], [-101.1673639074477, 19.597912722979512], [-101.16707803995956, 19.597916161837], [-101.167081668369, 19.59818707974511], [-101.1667958003428, 19.598190518201097], [-101.16679942833481, 19.59846143615174], [-101.16651355977056, 19.598464874206215], [-101.16650993225629, 19.598193956204263], [-101.16622406410947, 19.598197393754607], [-101.16622769114602, 19.598468311807864], [-101.165655953716, 19.59847518565268], [-101.16565957985738, 19.59874610379974], [-101.16537371057417, 19.59874954009419], [-101.16537733629808, 19.599020458283746], [-101.16594907575968, 19.599013585139446], [-101.16595270249941, 19.59928450321765], [-101.1668103126728, 19.599274189950993]]]}}, {"type": "Feature", "properties": {"_h": "80e5a761-a03b-58fb-9ea8-bd5114e25500", "clase": 1, "anio": 2012, "area_ha": 2.16, "cerro": "Pico Azul–La Escalera"}, "geometry": {"type": "Polygon", "coordinates": [[[-101.10849865690646, 19.600508063738477], [-101.10849512608786, 19.60023713550464], [-101.1087810086448, 19.60023378918241], [-101.10877747740706, 19.59996286098976], [-101.10906335942742, 19.599959514264548], [-101.10905982777054, 19.59968858611309], [-101.10963159067941, 19.599681891403783], [-101.10962805812558, 19.599410963343487], [-101.10905629617238, 19.599417657952884], [-101.10905276463293, 19.59914672978393], [-101.10962452563048, 19.59914003527444], [-101.1096209931941, 19.598869107196638], [-101.10933511320252, 19.598872454627884], [-101.10932451767925, 19.59805967019214], [-101.10903863906238, 19.598063017020635], [-101.10904217036693, 19.59833394522458], [-101.10818453273062, 19.598343983142584], [-101.10818806266049, 19.59861491148759], [-101.10790218285317, 19.598618256604404], [-101.10790571236389, 19.598889184990586], [-101.1087633530432, 19.59887914813166], [-101.10876688404609, 19.59915007635931], [-101.10819512269627, 19.59915676815136], [-101.10819865280222, 19.599427696470123], [-101.10877041510771, 19.59942100457821], [-101.10877394622803, 19.59969193278836], [-101.1084880646268, 19.59969527901071], [-101.10849159532798, 19.599966207262046], [-101.10820571319019, 19.599969553081408], [-101.10821277381295, 19.6005114096577], [-101.10849865690646, 19.600508063738477]]]}}, {"type": "Feature", "properties": {"_h": "74bdebf7-76b4-5e68-8c59-b4345e4560a9", "clase": 1, "anio": 1998, "area_ha": 0.54, "cerro": "Pico Azul–La Escalera"}, "geometry": {"type": "Polygon", "coordinates": [[[-101.05758987527658, 19.5994708795766], [-101.05758642986879, 19.59919994250927], [-101.05787231988276, 19.59919667710808], [-101.05786887405438, 19.598925740080762], [-101.0575829845183, 19.598929005433217], [-101.05757953922509, 19.598658068348445], [-101.0572936501096, 19.598661333199214], [-101.05729709492492, 19.598932270332718], [-101.05701120527426, 19.598935534779255], [-101.05701809412099, 19.599477409117533], [-101.05758987527658, 19.5994708795766]]]}}, {"type": "Feature", "properties": {"_h": "15568ae5-6c65-5483-8fb1-be9aa381a0d8", "clase": 1, "anio": 2012, "area_ha": 7.83, "cerro": "Pico Azul–La Escalera"}, "geometry": {"type": "Polygon", "coordinates": [[[-101.11422692791841, 19.60125383188578], [-101.1142163064378, 19.60044105023686], [-101.11393042451992, 19.600444405214834], [-101.11392334478288, 19.59990255063833], [-101.11420922574504, 19.599899195760482], [-101.11419860514741, 19.599086413980285], [-101.11391272561872, 19.599089768707934], [-101.11390918601505, 19.598818841380297], [-101.11362330690534, 19.598822195604992], [-101.1136268460312, 19.599093122982687], [-101.11334096638483, 19.599096476804533], [-101.11333035061722, 19.598283694495056], [-101.11361622883017, 19.59828034082336], [-101.11361268988085, 19.59800941341942], [-101.11275505649888, 19.59801947292573], [-101.11275859401482, 19.598290400479808], [-101.11247271562539, 19.598293752792863], [-101.11247625272233, 19.598564680388208], [-101.11276213158958, 19.59856132802513], [-101.11276920691556, 19.599103183089532], [-101.11305508667961, 19.599099830173483], [-101.11305862490866, 19.59937075764252], [-101.11334450509169, 19.59936740422353], [-101.11335158268197, 19.599909259035257], [-101.11306570154325, 19.599912612554345], [-101.11306216319655, 19.599641685102807], [-101.11277628247683, 19.599645038118933], [-101.11277274466678, 19.599374110608604], [-101.11248686436608, 19.59937746312178], [-101.1124797898781, 19.59883560797482], [-101.11219391047423, 19.598838959935037], [-101.11219037379628, 19.598568032298406], [-101.11190449481143, 19.59857138375571], [-101.11190095867008, 19.59830045606032], [-101.11161508010423, 19.598303807014727], [-101.11162568727123, 19.599116590224696], [-101.11105392709626, 19.59912329107486], [-101.11105039227078, 19.59885236324695], [-101.11076451257297, 19.598855712942683], [-101.11076097828408, 19.598584785056033], [-101.1104750990053, 19.598588134248892], [-101.1104927686483, 19.599942773844568], [-101.11077865031622, 19.599939424401796], [-101.11078218489895, 19.6002103522447], [-101.11106806698595, 19.60020700229901], [-101.11106453192536, 19.5999360745061], [-101.11135041347575, 19.59993272415748], [-101.11135394901419, 19.600203651900387], [-101.11163983098362, 19.600200301048837], [-101.1116433670587, 19.600471228732996], [-101.11250101404784, 19.60046117331071], [-101.11250455161532, 19.600732100836062], [-101.11279043430525, 19.600728748072726], [-101.11279397240943, 19.600999675539295], [-101.11307985551844, 19.60099632227298], [-101.11308339415932, 19.601267249680756], [-101.11422692791841, 19.60125383188578]]]}}, {"type": "Feature", "properties": {"_h": "153629b6-836d-5cac-9f80-e6341e6fe4b0", "clase": 1, "anio": 1998, "area_ha": 0.54, "cerro": "Pico Azul–La Escalera"}, "geometry": {"type": "Polygon", "coordinates": [[[-101.06044877761592, 19.599438204693755], [-101.06044187729981, 19.598896331525644], [-101.06015598827969, 19.5988996009547], [-101.06014908914881, 19.598357727654115], [-101.05957731284799, 19.598364264958228], [-101.059580761429, 19.59863520171045], [-101.05986665008597, 19.59863193323608], [-101.0598735483758, 19.599173806616797], [-101.06015943793116, 19.59917053759191], [-101.06016288764, 19.5994414742204], [-101.06044877761592, 19.599438204693755]]]}}, {"type": "Feature", "properties": {"_h": "8714dea0-1db0-5104-af62-b389967a24b2", "clase": 1, "anio": 1998, "area_ha": 1.17, "cerro": "Pico Azul–La Escalera"}, "geometry": {"type": "Polygon", "coordinates": [[[-101.05845099347908, 19.599732018780326], [-101.05844754658028, 19.599461081867933], [-101.05901932716287, 19.599454547797293], [-101.05900898394306, 19.598641737300337], [-101.05872309511409, 19.598645004415854], [-101.05871964796668, 19.598374067517337], [-101.05843375955826, 19.598377334131158], [-101.05843720622781, 19.59864827107843], [-101.0581513172842, 19.598651537288053], [-101.05815820983945, 19.599193411253932], [-101.05787231988276, 19.59919667710808], [-101.05787921171142, 19.599738551136564], [-101.05845099347908, 19.599732018780326]]]}}, {"type": "Feature", "properties": {"_h": "63dd468c-4910-56cb-96a6-91bec9ca7b19", "clase": 1, "anio": 1994, "area_ha": 1.89, "cerro": "Pico Azul–La Escalera"}, "geometry": {"type": "Polygon", "coordinates": [[[-101.15766244287535, 19.599383988005968], [-101.1576588299908, 19.599113068443145], [-101.15794470137665, 19.599109644324272], [-101.15793024852815, 19.598025966189613], [-101.15821611794291, 19.59802254182231], [-101.15820889092367, 19.597480702804546], [-101.15792302246436, 19.597484127069638], [-101.15791940952256, 19.597213207496488], [-101.15763354148089, 19.59721663125767], [-101.15763715394495, 19.59748755088192], [-101.15706541672597, 19.597494397148054], [-101.15707986336103, 19.598578075966014], [-101.15679399275051, 19.59858149862417], [-101.15680121547285, 19.599123338082652], [-101.15708708703889, 19.599119915322337], [-101.15708347516993, 19.598848995648567], [-101.15736934619815, 19.59884557248648], [-101.15737657095166, 19.599387411723082], [-101.15766244287535, 19.599383988005968]], [[-101.15765521716632, 19.598842148871547], [-101.15736934619815, 19.59884557248648], [-101.1573657339115, 19.59857465285501], [-101.1576516044019, 19.598571229291167], [-101.15765521716632, 19.598842148871547]], [[-101.15793024852815, 19.598025966189613], [-101.1576443790533, 19.5980293901041], [-101.1576407664691, 19.5977584704974], [-101.15792663546621, 19.597755046634017], [-101.15793024852815, 19.598025966189613]]]}}, {"type": "Feature", "properties": {"_h": "0ad57056-9bde-503d-99b2-10284dd7f764", "clase": 1, "anio": 1994, "area_ha": 0.63, "cerro": "Pico Azul–La Escalera"}, "geometry": {"type": "Polygon", "coordinates": [[[-101.1550715510775, 19.598060184957227], [-101.15506072640368, 19.597247424732064], [-101.15448898905969, 19.59725426274549], [-101.15449259626887, 19.59752518293137], [-101.15420672702918, 19.597528601309886], [-101.154213940672, 19.59807044175737], [-101.15449981086715, 19.598067023276815], [-101.15449620353802, 19.597796103108482], [-101.15478207319545, 19.597792684226125], [-101.15478568100231, 19.598063604343434], [-101.1550715510775, 19.598060184957227]]]}}, {"type": "Feature", "properties": {"_h": "8b1b0841-1662-5356-abc5-edeab73312a9", "clase": 1, "anio": 2023, "area_ha": 0.63, "cerro": "Pico Azul–La Escalera"}, "geometry": {"type": "Polygon", "coordinates": [[[-101.14506606280446, 19.598179594038452], [-101.14505887973702, 19.597637750333025], [-101.14534475089188, 19.597634346444835], [-101.14534115897001, 19.597363424629766], [-101.14391180498723, 19.59738043928845], [-101.14391539452042, 19.597651361357457], [-101.14477300852242, 19.59764115376837], [-101.14478019063436, 19.598182997575396], [-101.14506606280446, 19.598179594038452]]]}}, {"type": "Feature", "properties": {"_h": "56749445-9fd1-5f37-8d40-24bc1ece378f", "clase": 1, "anio": 1992, "area_ha": 1.08, "cerro": "Pico Azul–La Escalera"}, "geometry": {"type": "Polygon", "coordinates": [[[-101.08246561991693, 19.59945602370487], [-101.08245515896756, 19.59864322529814], [-101.08216927438805, 19.598646529603485], [-101.08216578799873, 19.59837559673446], [-101.08159401962148, 19.59838220388778], [-101.0815905342458, 19.598111270911406], [-101.08130465044809, 19.598114573759396], [-101.0813011656082, 19.597843640725007], [-101.08101528223035, 19.59784694307079], [-101.08101876659242, 19.598117876154472], [-101.0807328826788, 19.59812117809663], [-101.08073636662097, 19.59839211122086], [-101.08102225101243, 19.598388809229416], [-101.08102573549036, 19.59865974229563], [-101.08188338975056, 19.59864983345591], [-101.08188687572, 19.598920766365506], [-101.08217276083535, 19.598917462463774], [-101.08217973390383, 19.599459328158165], [-101.08246561991693, 19.59945602370487]]]}}, {"type": "Feature", "properties": {"_h": "e0d70a3c-6fb3-5f65-9744-e24f17a848b3", "clase": 1, "anio": 2015, "area_ha": 0.54, "cerro": "Pico Azul–La Escalera"}, "geometry": {"type": "Polygon", "coordinates": [[[-101.1536349883699, 19.59753543670847], [-101.15363138259389, 19.59726451636956], [-101.15305964465021, 19.597271349854882], [-101.1530560398896, 19.59700042940521], [-101.1524843026616, 19.59700726097733], [-101.15249151033191, 19.59754910207182], [-101.1536349883699, 19.59753543670847]]]}}, {"type": "Feature", "properties": {"_h": "5f903ba0-dcf1-56ec-ab00-d929bf6ae234", "clase": 1, "anio": 1996, "area_ha": 1.26, "cerro": "Pico Azul–La Escalera"}, "geometry": {"type": "Polygon", "coordinates": [[[-101.17737287706933, 19.59806299375566], [-101.17736923146214, 19.59779207769937], [-101.1770833660906, 19.59779553240501], [-101.17707972102173, 19.59752461628838], [-101.17736558591558, 19.597521161634297], [-101.1773582950043, 19.596979329477787], [-101.17707243106582, 19.596982784028754], [-101.17706878617878, 19.59671186788576], [-101.17678292265738, 19.5967153219324], [-101.1767792783086, 19.596444405729066], [-101.17620755203934, 19.596451312360944], [-101.17621119543277, 19.596722228667364], [-101.17649705907536, 19.596718775526263], [-101.17650070300705, 19.596989691772354], [-101.17621483888678, 19.596993144964987], [-101.17621848240138, 19.597264061253824], [-101.17650434699934, 19.59726060800965], [-101.17651163516568, 19.597802440457887], [-101.17679750065844, 19.59779898665785], [-101.1768011453102, 19.598069902817247], [-101.17737287706933, 19.59806299375566]], [[-101.17707972102173, 19.59752461628838], [-101.17679385606726, 19.59752807048967], [-101.1767902115367, 19.597257154312697], [-101.17707607601346, 19.597253700162963], [-101.17707972102173, 19.59752461628838]]]}}, {"type": "Feature", "properties": {"_h": "4d6226ac-6f7d-564f-a3e9-4aef642e06ba", "clase": 1, "anio": 2012, "area_ha": 1.35, "cerro": "Pico Azul–La Escalera"}, "geometry": {"type": "Polygon", "coordinates": [[[-101.11476328201279, 19.598537848802685], [-101.11475974109342, 19.598266921607774], [-101.11504561901207, 19.598263565671672], [-101.11504207767379, 19.597992638518086], [-101.11532795505575, 19.597989282179206], [-101.11532087160029, 19.59744742794596], [-101.1147491186886, 19.5974541399705], [-101.11474557800473, 19.597183212740575], [-101.11388794962895, 19.597193277230733], [-101.1138914888795, 19.597464204610873], [-101.1141773655414, 19.597460850183612], [-101.11418444517462, 19.598002704817503], [-101.11447032273321, 19.597999349837234], [-101.1144738631159, 19.598270277090986], [-101.11418798507951, 19.598273632121323], [-101.11419152504328, 19.598544559416393], [-101.11476328201279, 19.598537848802685]]]}}, {"type": "Feature", "properties": {"_h": "2e81d0d9-01a2-5d44-b537-62a0cceb79d5", "clase": 1, "anio": 2016, "area_ha": 1.08, "cerro": "Pico Azul–La Escalera"}, "geometry": {"type": "Polygon", "coordinates": [[[-101.13619684435503, 19.597743046261254], [-101.13618969114626, 19.597201199377814], [-101.13590381903981, 19.59720458867408], [-101.13590024300237, 19.59693366516863], [-101.13561437131422, 19.59693705396149], [-101.13561079581396, 19.596666130396702], [-101.13503905321474, 19.596672906522826], [-101.13504620236377, 19.597214753845915], [-101.13476033001953, 19.597218141330863], [-101.13476390420546, 19.597489065029823], [-101.13562152249308, 19.597478901064786], [-101.1356250981717, 19.597749824603287], [-101.13619684435503, 19.597743046261254]]]}}, {"type": "Feature", "properties": {"_h": "72bcc7e3-e94c-5a4d-8a95-5a5cd763ae74", "clase": 2, "anio": 2023, "area_ha": 0.63, "cerro": "Pico Azul–La Escalera"}, "geometry": {"type": "Polygon", "coordinates": [[[-101.14534115897001, 19.597363424629766], [-101.14533397530542, 19.596821580973316], [-101.14476223580232, 19.596828387992076], [-101.14475864501506, 19.596557466049106], [-101.14447277565165, 19.59656086882848], [-101.14448354675945, 19.597373634783445], [-101.14534115897001, 19.597363424629766]]]}}, {"type": "Feature", "properties": {"_h": "6b54cb6f-62fa-5daa-903c-18a78fefbb19", "clase": 1, "anio": 1992, "area_ha": 0.72, "cerro": "Pico Azul–La Escalera"}, "geometry": {"type": "Polygon", "coordinates": [[[-101.07729879304883, 19.59788983235151], [-101.07729183692183, 19.597347964877727], [-101.07700595368921, 19.597351260784425], [-101.07700247619027, 19.59708032698525], [-101.07614482757891, 19.59709021184041], [-101.07614830364442, 19.59736114578712], [-101.0764341870505, 19.59735785123912], [-101.07644114031056, 19.597899719008005], [-101.07672702461447, 19.59789642390875], [-101.07672354747771, 19.59762549007785], [-101.07700943124598, 19.597622194574868], [-101.07701290886058, 19.597893128356585], [-101.07729879304883, 19.59788983235151]]]}}, {"type": "Feature", "properties": {"_h": "6555316a-5b81-51b8-915e-ac5f9fc113b1", "clase": 2, "anio": 2015, "area_ha": 17.46, "cerro": "Pico Azul–La Escalera"}, "geometry": {"type": "Polygon", "coordinates": [[[-101.15366383673641, 19.599702799103934], [-101.15366023048075, 19.599431878835208], [-101.1533743577169, 19.599435296212253], [-101.15336714634097, 19.598893455546488], [-101.15365301814929, 19.59889003827144], [-101.15364941207349, 19.59861911797639], [-101.15450702570534, 19.59860886358717], [-101.15451063321443, 19.59887978372918], [-101.15536824773973, 19.598869525111276], [-101.15536463879737, 19.598598605122355], [-101.1550787678267, 19.59860202506347], [-101.1550751594221, 19.598331105014733], [-101.15478928886917, 19.598334524451975], [-101.15478568100231, 19.598063604343434], [-101.154213940672, 19.59807044175737], [-101.1542103338206, 19.59779952153802], [-101.15392446404321, 19.597802939514725], [-101.15392807041687, 19.598073859785085], [-101.15364220010177, 19.598077277359973], [-101.1536349883699, 19.59753543670847], [-101.15249151033191, 19.59754910207182], [-101.1524843026616, 19.59700726097733], [-101.15191256519391, 19.597014090738227], [-101.15190896240406, 19.596743170075893], [-101.15162309405805, 19.596746584226175], [-101.15161949180582, 19.596475663504116], [-101.1504760197337, 19.596489315373493], [-101.15047241945214, 19.596218394438903], [-101.14932894833292, 19.596232038859917], [-101.14932535002197, 19.595961117712914], [-101.14875361505871, 19.595967937104902], [-101.14875001776295, 19.595697015847346], [-101.14846415066927, 19.595700424813288], [-101.14846774748733, 19.59597134612172], [-101.14818187985615, 19.595974754685756], [-101.14818907271632, 19.596516597378066], [-101.14790320406995, 19.596520005591056], [-101.14792837762029, 19.598416455093982], [-101.14764250557002, 19.598419863210193], [-101.14764969759561, 19.598961705948113], [-101.14793557060145, 19.598958297730174], [-101.1479391671817, 19.59922921903511], [-101.1485109139695, 19.59922240113891], [-101.14851451156514, 19.59949332233333], [-101.14937213273154, 19.599483091939863], [-101.14936493473338, 19.598941249847584], [-101.14993667996734, 19.598934427524547], [-101.1499330801025, 19.59866350656706], [-101.15021895215192, 19.598660094777173], [-101.15021175164627, 19.59811825293772], [-101.15106936456883, 19.598108015156537], [-101.15107296622496, 19.598378935927865], [-101.15135883755714, 19.59837552237752], [-101.15137324669169, 19.599459205171325], [-101.15194499299848, 19.599452376304495], [-101.15193778640032, 19.598910535128958], [-101.1522236585083, 19.598907120118167], [-101.1522272622552, 19.59917804065936], [-101.15279900724695, 19.59917120917728], [-101.15280261200934, 19.599442129607745], [-101.15308848489308, 19.59943871313643], [-101.15309209019318, 19.599709633507146], [-101.15366383673641, 19.599702799103934]], [[-101.15193058004179, 19.598368693918317], [-101.15164470882941, 19.598372108374342], [-101.15164110621777, 19.598101187704906], [-101.1519269769524, 19.598097773299845], [-101.15193058004179, 19.598368693918317]]]}}, {"type": "Feature", "properties": {"_h": "f7246b88-9350-5dd1-85a4-639e15be9405", "clase": 1, "anio": 2023, "area_ha": 0.72, "cerro": "Pico Azul–La Escalera"}, "geometry": {"type": "Polygon", "coordinates": [[[-101.14590571456962, 19.596814772143325], [-101.14589134413556, 19.5957310851317], [-101.14560547644412, 19.595734489569846], [-101.1456126605863, 19.59627633319482], [-101.14504092311347, 19.596283140915983], [-101.14504810558374, 19.596824984709098], [-101.14590571456962, 19.596814772143325]]]}}, {"type": "Feature", "properties": {"_h": "aaec40c1-05ae-5ec1-8d00-9318d8ffdc3a", "clase": 1, "anio": 2010, "area_ha": 0.63, "cerro": "Cerro del Águila"}, "geometry": {"type": "Polygon", "coordinates": [[[-101.37429178453849, 19.593678902527895], [-101.37427986222232, 19.592866265531367], [-101.37370822729669, 19.592873797232297], [-101.37371220038138, 19.59314467635246], [-101.37342638234216, 19.593148441580464], [-101.37343035501561, 19.593419320747913], [-101.37371617353215, 19.59341555546372], [-101.37372014674898, 19.593686434566067], [-101.37429178453849, 19.593678902527895]]]}}, {"type": "Feature", "properties": {"_h": "c018451e-b74c-5cc8-a800-49a749f8463b", "clase": 1, "anio": 2012, "area_ha": 1.08, "cerro": "Pico Azul–La Escalera"}, "geometry": {"type": "Polygon", "coordinates": [[[-101.11102918455217, 19.59722679609576], [-101.11101858148628, 19.59641401240206], [-101.1107327060885, 19.596417361647884], [-101.11072917232849, 19.596146433682502], [-101.11044329734968, 19.596149782425513], [-101.11043976412617, 19.595878854401395], [-101.11015388956635, 19.595882202641597], [-101.11017155388271, 19.597236842924577], [-101.11102918455217, 19.59722679609576]]]}}, {"type": "Feature", "properties": {"_h": "dd1c1c6e-5cd9-501e-a52f-ffb9402b4717", "clase": 1, "anio": 0, "area_ha": 2.16, "cerro": "Pico Azul–La Escalera"}, "geometry": {"type": "Polygon", "coordinates": [[[-101.11189742258753, 19.59802952835617], [-101.11189388656378, 19.597758600643274], [-101.11246564160791, 19.597751897575897], [-101.11246210468741, 19.597480969954297], [-101.1121762276725, 19.597484321664396], [-101.11217269128858, 19.59721339398401], [-101.11245856782571, 19.597210042323937], [-101.11245149427873, 19.59666818703698], [-101.11273736980152, 19.596664835024107], [-101.11272675848893, 19.595852052178145], [-101.11244088439938, 19.595855404040925], [-101.11243734789053, 19.595584476358077], [-101.11215147421987, 19.59558782771802], [-101.11214793824757, 19.595316899976396], [-101.11186206499583, 19.595320250833506], [-101.11187267165599, 19.596133034182166], [-101.11130092210979, 19.596139734837998], [-101.1113044568253, 19.596410662703395], [-101.11216208248962, 19.596400610890385], [-101.11216561869713, 19.59667153859701], [-101.11187974305673, 19.5966748897042], [-101.11188681469267, 19.597216745191233], [-101.11160093803795, 19.597220095945598], [-101.11160447346633, 19.597491023726], [-101.11131859627505, 19.597494374077517], [-101.11132213128445, 19.59776530189918], [-101.11160800895351, 19.597761951497663], [-101.11161154449947, 19.59803287926057], [-101.11189742258753, 19.59802952835617]]]}}, {"type": "Feature", "properties": {"_h": "3396301c-f42a-59f6-9854-73b734a00ce4", "clase": 2, "anio": 2016, "area_ha": 0.81, "cerro": "Pico Azul–La Escalera"}, "geometry": {"type": "Polygon", "coordinates": [[[-101.13245906826455, 19.59616152840824], [-101.13245549819743, 19.595890604261264], [-101.13274136862827, 19.59588722065148], [-101.13273065735001, 19.595074448309504], [-101.13215891929508, 19.59508121477328], [-101.13216605817713, 19.595623063212013], [-101.13188018810527, 19.595626445865708], [-101.13188732626934, 19.596168294370386], [-101.13245906826455, 19.59616152840824]]]}}, {"type": "Feature", "properties": {"_h": "b3011a7c-8e0f-58fd-ab45-73e713e9948c", "clase": 1, "anio": 2016, "area_ha": 11.43, "cerro": "Pico Azul–La Escalera"}, "geometry": {"type": "Polygon", "coordinates": [[[-101.13364899266136, 19.599670001536996], [-101.1336454199112, 19.599399077705968], [-101.13450304894528, 19.599388918113693], [-101.13449232675104, 19.598576147022893], [-101.13392057698783, 19.598582920234044], [-101.1339170039975, 19.59831199641851], [-101.13420287843104, 19.5983086100899], [-101.13419930502234, 19.59803768631614], [-101.1344851789187, 19.59803429958522], [-101.13448875280517, 19.598305223308433], [-101.13534637557095, 19.598295060246897], [-101.13534280025117, 19.59802413667535], [-101.13477105275562, 19.598030912401445], [-101.13476390420546, 19.597489065029823], [-101.1341921583832, 19.597495838742326], [-101.13418858515277, 19.597224914942274], [-101.13476033001953, 19.597218141330863], [-101.13475318182596, 19.596676293906658], [-101.13503905321474, 19.596672906522826], [-101.13503190430345, 19.596131059164694], [-101.13446016337733, 19.596137833277332], [-101.13446373684782, 19.596408757061887], [-101.13360612357987, 19.59641891498643], [-101.13360969567663, 19.596689838913832], [-101.13275208044091, 19.596699992914616], [-101.13275565116386, 19.59697091698481], [-101.13246977882213, 19.5969743007966], [-101.13245906826455, 19.59616152840824], [-101.13188732626934, 19.596168294370386], [-101.13188018810527, 19.595626445865708], [-101.13216605817713, 19.595623063212013], [-101.13215891929508, 19.59508121477328], [-101.13273065735001, 19.595074448309504], [-101.13274136862827, 19.59588722065148], [-101.13302723899976, 19.595883836588904], [-101.13303081002229, 19.596154760634867], [-101.1333166808121, 19.59615137606897], [-101.13331310931186, 19.59588045207352], [-101.13359897956455, 19.59587706710534], [-101.133595407646, 19.59560614315166], [-101.13388127736161, 19.59560275778121], [-101.13387770502476, 19.595331833869295], [-101.13330596648952, 19.59533860405634], [-101.13329882390474, 19.59479675600413], [-101.13301295550339, 19.59480014031745], [-101.13300938477775, 19.594529216227684], [-101.13215178065046, 19.594539366299497], [-101.13214821141717, 19.59426844204947], [-101.13186234373369, 19.59427182445072], [-101.1318659124893, 19.594542748751234], [-101.13129417598897, 19.594549512296414], [-101.13129774384859, 19.594820436689126], [-101.1315836126061, 19.594817055092445], [-101.13159074945871, 19.59535890375065], [-101.13101900997364, 19.59536566669312], [-101.13102257753357, 19.59563659111002], [-101.13073670722434, 19.595639971952533], [-101.1307331401421, 19.595369047485168], [-101.13044727025125, 19.595372427824433], [-101.1304508368558, 19.59564335234225], [-101.13016496642793, 19.59564673227917], [-101.13016853261408, 19.59591765683868], [-101.13074027436589, 19.595910896411137], [-101.13074384156677, 19.596181820860984], [-101.13160145518269, 19.59617167667225], [-101.13160859262874, 19.59671352524285], [-101.13132272052732, 19.596716907192853], [-101.13133342570822, 19.597529680134492], [-101.13161929924287, 19.597526298033056], [-101.13162643728234, 19.598068146516056], [-101.13191231171317, 19.598064763860815], [-101.13191588129969, 19.59833568803868], [-101.13248763093881, 19.59832892126865], [-101.13249120154026, 19.598599845336782], [-101.13277707674855, 19.598596461221966], [-101.13278064788715, 19.59886738523083], [-101.13306652351385, 19.598864000612636], [-101.13307009518962, 19.59913492456223], [-101.13335597123472, 19.59913153944065], [-101.13336311572006, 19.599673387212505], [-101.13364899266136, 19.599670001536996]], [[-101.13392415003759, 19.59885384404083], [-101.13363827458907, 19.598857230017636], [-101.1336347020171, 19.59858630616033], [-101.13392057698783, 19.598582920234044], [-101.13392415003759, 19.59885384404083]], [[-101.13277350566932, 19.598325537204342], [-101.13248763093881, 19.59832892126865], [-101.13248406039675, 19.598057997191766], [-101.13276993464947, 19.59805461317796], [-101.13277350566932, 19.598325537204342]], [[-101.13305580884284, 19.598051228711302], [-101.13276993464947, 19.59805461317796], [-101.13276279278791, 19.59751276509891], [-101.13304866602577, 19.59750938073327], [-101.1330450947063, 19.597238456731112], [-101.13361684004833, 19.597231686742354], [-101.13362041232328, 19.597502610643474], [-101.13333453920421, 19.597505995914798], [-101.13333811106082, 19.597776919857676], [-101.1330522374046, 19.597780304726665], [-101.13305580884284, 19.598051228711302]], [[-101.1344708839671, 19.59695060460471], [-101.13418501198174, 19.596953991133454], [-101.13418143887013, 19.59668306731588], [-101.13446731037774, 19.59667968083769], [-101.1344708839671, 19.59695060460471]], [[-101.13218390642103, 19.596977684155565], [-101.13161216144077, 19.596984449515013], [-101.13160859262874, 19.59671352524285], [-101.13189446467081, 19.59671014284002], [-101.1318908954404, 19.596439218609586], [-101.1321767669454, 19.596435835804428], [-101.13218390642103, 19.596977684155565]], [[-101.1315978865487, 19.59590075237381], [-101.13102614515283, 19.59590751551816], [-101.13102257753357, 19.59563659111002], [-101.13159431797403, 19.59562982806661], [-101.1315978865487, 19.59590075237381]]]}}, {"type": "Feature", "properties": {"_h": "c3508840-e174-5a0d-89b0-1b51ded9745a", "clase": 1, "anio": 1992, "area_ha": 3.33, "cerro": "Pico Azul–La Escalera"}, "geometry": {"type": "Polygon", "coordinates": [[[-101.09387296520022, 19.597156027395695], [-101.09386595388048, 19.596614165616373], [-101.09358007497097, 19.596617487691265], [-101.09357656987632, 19.59634655673891], [-101.09300481283798, 19.596353199430975], [-101.09300130875714, 19.59608226837074], [-101.09385894279391, 19.596072303802092], [-101.09385193194055, 19.595530441952857], [-101.09356605494206, 19.595533763829426], [-101.09356255008055, 19.595262832842117], [-101.09413430306374, 19.595256188735327], [-101.09412729160466, 19.59471432693285], [-101.09384141609766, 19.594717649113473], [-101.09383791093329, 19.59444671814954], [-101.09298028549571, 19.594456681825818], [-101.09298378922695, 19.594727612938478], [-101.09326966490879, 19.59472429211629], [-101.09327316917602, 19.59499522317065], [-101.09298729301645, 19.594998544042404], [-101.09299430077026, 19.595540406224046], [-101.09242254636537, 19.59554704680733], [-101.09242955244125, 19.59608890915226], [-101.09185779589235, 19.596095548122385], [-101.09186129806213, 19.59636647938083], [-101.09157541922256, 19.59636979823616], [-101.09157892097282, 19.59664072953541], [-101.09243655875015, 19.596630771462237], [-101.09244006199198, 19.596901702604118], [-101.09272594161237, 19.596898382291112], [-101.09272243789276, 19.59662745119879], [-101.09329419600317, 19.596620809313297], [-101.09329770067833, 19.596891740306493], [-101.09358358012392, 19.59688841863488], [-101.09358708533514, 19.597159349569758], [-101.09387296520022, 19.597156027395695]]]}}, {"type": "Feature", "properties": {"_h": "3326c162-2efe-542b-ac07-a57f83cadf68", "clase": 1, "anio": 2016, "area_ha": 0.54, "cerro": "Pico Azul–La Escalera"}, "geometry": {"type": "Polygon", "coordinates": [[[-101.12929309636922, 19.594573170442324], [-101.12928953191259, 19.59430224568772], [-101.12900366363597, 19.59430562356135], [-101.12900009971627, 19.594034698747567], [-101.12814249596384, 19.59404482950065], [-101.12814962099657, 19.5945866794219], [-101.1284354899286, 19.594583302856165], [-101.12843192690497, 19.594312377950313], [-101.1287177953001, 19.594309000982214], [-101.12872135880141, 19.594579925837653], [-101.12929309636922, 19.594573170442324]]]}}, {"type": "Feature", "properties": {"_h": "1a7308e0-c7d2-5303-9fc8-60c767d94529", "clase": 1, "anio": 1997, "area_ha": 1.71, "cerro": "Pico Azul–La Escalera"}, "geometry": {"type": "Polygon", "coordinates": [[[-101.17732548890392, 19.59454108433855], [-101.17731819932614, 19.593999251988745], [-101.17760405794999, 19.59399579755219], [-101.17760041277442, 19.59372488141567], [-101.17731455462815, 19.593728335800655], [-101.17730726541402, 19.59318650339813], [-101.17673555084994, 19.59319341060381], [-101.17673919447155, 19.59346432691257], [-101.17645333662105, 19.593467779887927], [-101.17644969347701, 19.59319686352762], [-101.17616383604349, 19.593200315998757], [-101.17617840707284, 19.594283981593385], [-101.1764642664167, 19.594280528916112], [-101.1764679098031, 19.59455144524127], [-101.17732548890392, 19.59454108433855]]]}}, {"type": "Feature", "properties": {"_h": "e21feed4-6f9c-5889-8b4b-6399ebb09538", "clase": 1, "anio": 2023, "area_ha": 0.54, "cerro": "Pico Azul–La Escalera"}, "geometry": {"type": "Polygon", "coordinates": [[[-101.15987347788844, 19.5936672778924], [-101.15986986244445, 19.59339635855425], [-101.1601557233182, 19.593392931886754], [-101.16015210745674, 19.593122012590985], [-101.15900866551148, 19.593135716340186], [-101.15901227946256, 19.59340663584051], [-101.15929814051664, 19.593403210531132], [-101.15930175500542, 19.593674129971557], [-101.15987347788844, 19.5936672778924]]]}}, {"type": "Feature", "properties": {"_h": "21ad4302-f2a3-5ed5-8996-a92e1cfdc09b", "clase": 1, "anio": 2008, "area_ha": 8.1, "cerro": "Pico Azul–La Escalera"}, "geometry": {"type": "Polygon", "coordinates": [[[-101.16161397494619, 19.59554314376208], [-101.16161035621539, 19.59527222479237], [-101.16246794760333, 19.595261934207908], [-101.16246432749978, 19.594991015383012], [-101.16275019069772, 19.594987584333907], [-101.16275381127893, 19.595258503107587], [-101.16332553844948, 19.595251639548685], [-101.16331829543674, 19.59470980219744], [-101.16389002045584, 19.594702937032483], [-101.16388639808454, 19.594432018446163], [-101.16417226002612, 19.594428585235825], [-101.16416863723745, 19.594157666691967], [-101.16445449864115, 19.59415423308016], [-101.16445087543511, 19.593883314578772], [-101.16416501450901, 19.593886748139337], [-101.16416139184082, 19.59361582957792], [-101.16387553133208, 19.59361926263452], [-101.16386828713162, 19.593077425382873], [-101.16358242751781, 19.59308085788429], [-101.16357880598551, 19.592809939194066], [-101.16300708753239, 19.59281680273636], [-101.16300346701546, 19.592545883934907], [-101.16214589031694, 19.592556175699553], [-101.16214950940115, 19.59282709465464], [-101.16157779034604, 19.59283395367004], [-101.16158864509427, 19.593646710789805], [-101.16130278404368, 19.59365013977202], [-101.16130640193583, 19.593921058845574], [-101.16102054034747, 19.59392448742625], [-101.16102415782217, 19.594195406542205], [-101.16131001988815, 19.59419197791035], [-101.16131363790062, 19.59446289696635], [-101.16159950038406, 19.594459467830582], [-101.16160311893432, 19.594730386826622], [-101.16103139295204, 19.594737244747783], [-101.16102777535703, 19.59446632564938], [-101.16074191275328, 19.594469753879682], [-101.16073467869896, 19.59392791555421], [-101.1604488169903, 19.59393134322945], [-101.16046328342901, 19.595015020049935], [-101.1607491470482, 19.59501159217005], [-101.16075276428587, 19.59528251130207], [-101.16103862832254, 19.595279082918257], [-101.16104224609803, 19.595550001990322], [-101.16161397494619, 19.59554314376208]]]}}, {"type": "Feature", "properties": {"_h": "3ab1c77a-6b7f-5694-b1eb-ad65f5490002", "clase": 1, "anio": 2009, "area_ha": 0.54, "cerro": "Pico Azul–La Escalera"}, "geometry": {"type": "Polygon", "coordinates": [[[-101.16071659461578, 19.592573319586958], [-101.16070574488764, 19.591760561901296], [-101.1604198869996, 19.591763989167234], [-101.1604126551033, 19.59122215056393], [-101.16012679811023, 19.591225577274894], [-101.16013764461223, 19.592038335320158], [-101.16042350303795, 19.59203490845573], [-101.16043073529507, 19.592576747006376], [-101.16071659461578, 19.592573319586958]]]}}, {"type": "Feature", "properties": {"_h": "9c58385c-2105-5284-8794-628375a851c9", "clase": 2, "anio": 2019, "area_ha": 0.72, "cerro": "Pico Azul–La Escalera"}, "geometry": {"type": "Polygon", "coordinates": [[[-101.16843114398296, 19.592209690312806], [-101.16841662646517, 19.591126018881667], [-101.1681307711589, 19.59112945826674], [-101.16813439997028, 19.591400376189036], [-101.16784854412616, 19.591403815172807], [-101.1678558009749, 19.59194565109374], [-101.16756994411537, 19.59194908972752], [-101.1675735721527, 19.592220007726155], [-101.16843114398296, 19.592209690312806]]]}}, {"type": "Feature", "properties": {"_h": "da6b7ea7-df37-536b-9cf2-c086773571b7", "clase": 2, "anio": 2018, "area_ha": 0.72, "cerro": "Pico Azul–La Escalera"}, "geometry": {"type": "Polygon", "coordinates": [[[-101.12554477585054, 19.592178719137657], [-101.12553766048087, 19.591636868152225], [-101.12525179621068, 19.59164023963657], [-101.12524823909219, 19.591369314080396], [-101.12496237524041, 19.591372685061714], [-101.12496593188133, 19.591643610668214], [-101.12468006749282, 19.59164698124716], [-101.1246836237153, 19.59191790689523], [-101.12439775879005, 19.591921277071776], [-101.12440131459408, 19.592192202761396], [-101.12554477585054, 19.592178719137657]]]}}, {"type": "Feature", "properties": {"_h": "d7229ec4-5857-5a62-9dbd-ae9302a4bfd3", "clase": 1, "anio": 2015, "area_ha": 0.54, "cerro": "Pico Azul–La Escalera"}, "geometry": {"type": "Polygon", "coordinates": [[[-101.15183691918708, 19.591324754987234], [-101.15183331765517, 19.591053834140705], [-101.15240503410737, 19.59104700662223], [-101.15239782931319, 19.590505165106727], [-101.1518261147711, 19.59051199242135], [-101.15182971618319, 19.590782913285416], [-101.15154385834478, 19.590786326314717], [-101.15155106039357, 19.591328168118434], [-101.15183691918708, 19.591324754987234]]]}}, {"type": "Feature", "properties": {"_h": "cabee6c4-8320-5797-90da-69a2715b5b09", "clase": 1, "anio": 2007, "area_ha": 0.54, "cerro": "Pico Azul–La Escalera"}, "geometry": {"type": "Polygon", "coordinates": [[[-101.16012318272982, 19.590954657908924], [-101.16011595214937, 19.59041281915066], [-101.15983009652874, 19.590416245255533], [-101.1598264818062, 19.590145325812088], [-101.1589689160161, 19.590155601257482], [-101.1589725293061, 19.590426520854326], [-101.15954424084796, 19.590419670907764], [-101.1595478551531, 19.590690590393567], [-101.15983371131136, 19.590687164690195], [-101.15983732615413, 19.59095808411609], [-101.16012318272982, 19.590954657908924]]]}}, {"type": "Feature", "properties": {"_h": "30a74915-7322-51a0-a9cc-d02ef3060ec4", "clase": 1, "anio": 2016, "area_ha": 1.71, "cerro": "Pico Azul–La Escalera"}, "geometry": {"type": "Polygon", "coordinates": [[[-101.15755047138501, 19.59098547747807], [-101.15754686036243, 19.590714557643242], [-101.15811857346016, 19.590707712120828], [-101.15811496154261, 19.590436792379418], [-101.15782910550129, 19.590440215315848], [-101.15782549412131, 19.590169295514563], [-101.15725378281353, 19.59017613992733], [-101.1572501724486, 19.58990522001509], [-101.15696431718213, 19.58990864149145], [-101.15696792706954, 19.590179561454764], [-101.15668207126552, 19.590182982529573], [-101.15667846185562, 19.589912062515186], [-101.15639260646908, 19.589915483086294], [-101.1563998243939, 19.59045732320844], [-101.15611396799231, 19.590460743429045], [-101.15611035947741, 19.5901898233213], [-101.15582450349332, 19.590193243038215], [-101.15583171962814, 19.590735083347038], [-101.15611757656725, 19.590731663528018], [-101.1561211852022, 19.591002583618213], [-101.15669289985543, 19.59099574252011], [-101.15668568073546, 19.590453902535195], [-101.15697153701699, 19.59045048140931], [-101.156978757092, 19.590992321292084], [-101.15755047138501, 19.59098547747807]]]}}, {"type": "Feature", "properties": {"_h": "3c49a3c1-1f67-55f7-aa92-510f784f1597", "clase": 1, "anio": 1997, "area_ha": 2.79, "cerro": "Pico Azul–La Escalera"}, "geometry": {"type": "Polygon", "coordinates": [[[-101.0926698890899, 19.592563483765407], [-101.09266638630245, 19.592292552533287], [-101.09295225774342, 19.592289232609968], [-101.092945251388, 19.591747370218645], [-101.0926593809023, 19.591750690042836], [-101.09264186842138, 19.590396033663843], [-101.09207013205136, 19.59040267145852], [-101.09207713495857, 19.590944534234517], [-101.091791265731, 19.590947852551874], [-101.09178776472588, 19.5906769211187], [-101.09121602705127, 19.59068355629619], [-101.0912230272093, 19.59122541935193], [-101.09150889703093, 19.591222101890484], [-101.09151589837707, 19.591763964812227], [-101.09180176909574, 19.59176064679899], [-101.09180527033377, 19.592031578197226], [-101.09151939913747, 19.592034896259992], [-101.09152289995609, 19.592305827699022], [-101.09180877163004, 19.59230250958672], [-101.09181227298454, 19.592573440967485], [-101.0926698890899, 19.592563483765407]]]}}, {"type": "Feature", "properties": {"_h": "c380bd26-bf84-5e30-bb6a-69700ea30c5a", "clase": 1, "anio": 2014, "area_ha": 1.26, "cerro": "Pico Azul–La Escalera"}, "geometry": {"type": "Polygon", "coordinates": [[[-101.16297450504756, 19.590378533207296], [-101.1629708850725, 19.59010761432685], [-101.16325673955382, 19.59010418329427], [-101.16325311916147, 19.589833264456274], [-101.16268141109362, 19.589840125966372], [-101.16267779171648, 19.589569207017163], [-101.1618202305957, 19.589579495734093], [-101.1618238485404, 19.5898504148369], [-101.16153799423563, 19.589853843555176], [-101.16154522935055, 19.590395681836856], [-101.16297450504756, 19.590378533207296]]]}}, {"type": "Feature", "properties": {"_h": "e6b31c07-a1e0-5a47-89d8-e0f4c45f04ec", "clase": 1, "anio": 2016, "area_ha": 2.16, "cerro": "Pico Azul–La Escalera"}, "geometry": {"type": "Polygon", "coordinates": [[[-101.1555566858487, 19.591551263264], [-101.1555530780488, 19.591280343089245], [-101.15612479389716, 19.591273503699643], [-101.1561211852022, 19.591002583618213], [-101.15583532778557, 19.591006003488292], [-101.15583171962814, 19.590735083347038], [-101.15554586262901, 19.59073850271342], [-101.15554225500912, 19.590467582512346], [-101.15525639842751, 19.590471001375036], [-101.15525279134513, 19.59020008111415], [-101.15553864744923, 19.590196662302496], [-101.15553143250945, 19.5896548218565], [-101.15524557736036, 19.58965824056607], [-101.15524918432274, 19.589929160844495], [-101.15439161708306, 19.589939414410576], [-101.15439522267295, 19.59021033483331], [-101.15496693518105, 19.590203499473173], [-101.15497054178591, 19.59047441978509], [-101.15439882832277, 19.590481255247273], [-101.15441325152182, 19.591564936815413], [-101.15498496880524, 19.59155810094504], [-101.15498136196042, 19.59128718066821], [-101.1552672200346, 19.59128376210506], [-101.15527082735696, 19.591554682330855], [-101.1555566858487, 19.591551263264]]]}}, {"type": "Feature", "properties": {"_h": "85d4699c-98f4-579e-b384-6feffb2aa83f", "clase": 2, "anio": 2016, "area_ha": 0.99, "cerro": "Pico Azul–La Escalera"}, "geometry": {"type": "Polygon", "coordinates": [[[-101.15354125767831, 19.590491505045748], [-101.15353765346103, 19.59022058447876], [-101.15439522267295, 19.59021033483331], [-101.15438801155317, 19.58966849397908], [-101.1529587340086, 19.58968557394834], [-101.15296594035334, 19.59022741531256], [-101.15325179693716, 19.59022400012198], [-101.15325540067693, 19.590494920739953], [-101.15354125767831, 19.590491505045748]]]}}, {"type": "Feature", "properties": {"_h": "23562fee-a4bd-5e86-98a6-0c77593e327c", "clase": 2, "anio": 2016, "area_ha": 0.72, "cerro": "Pico Azul–La Escalera"}, "geometry": {"type": "Polygon", "coordinates": [[[-101.15268008370961, 19.590230830050505], [-101.15267287831988, 19.589688988584328], [-101.15238702257125, 19.589692402767692], [-101.15238342044374, 19.58942148197048], [-101.15181170972171, 19.589428308877412], [-101.15181531089422, 19.589699229776553], [-101.15152945496587, 19.589702642602045], [-101.15153305572076, 19.589973563543364], [-101.15210476847258, 19.589966737337843], [-101.15210837024239, 19.590237658168487], [-101.15268008370961, 19.590230830050505]]]}}, {"type": "Feature", "properties": {"_h": "901b9406-9494-5c36-902d-187a5d40c7bb", "clase": 1, "anio": 2021, "area_ha": 0.63, "cerro": "Pico Azul–La Escalera"}, "geometry": {"type": "Polygon", "coordinates": [[[-101.15210837024239, 19.590237658168487], [-101.15210476847258, 19.589966737337843], [-101.15153305572076, 19.589973563543364], [-101.15152945496587, 19.589702642602045], [-101.15124359897762, 19.58970605497492], [-101.1512399987601, 19.589435133973883], [-101.15095414318948, 19.58943854584319], [-101.15095774292949, 19.589709466895165], [-101.1506718868215, 19.589712878362786], [-101.15067548614388, 19.589983799456913], [-101.15124719925501, 19.58997697596718], [-101.15125079959229, 19.590247896950675], [-101.15210837024239, 19.590237658168487]]]}}, {"type": "Feature", "properties": {"_h": "8495fdea-013f-5882-93c8-6f0529d6768b", "clase": 1, "anio": 2017, "area_ha": 0.54, "cerro": "Pico Azul–La Escalera"}, "geometry": {"type": "Polygon", "coordinates": [[[-101.14410435657021, 19.590333061711178], [-101.14410076817087, 19.590062139456254], [-101.14438662613124, 19.59005873834835], [-101.14437944855656, 19.589516893913764], [-101.14380773448617, 19.589523695473844], [-101.14381132228866, 19.589794617797068], [-101.14352546468645, 19.589798017948926], [-101.14352905207107, 19.590068940314143], [-101.14381491015081, 19.590065540111517], [-101.14381849807263, 19.590336462417213], [-101.14410435657021, 19.590333061711178]]]}}, {"type": "Feature", "properties": {"_h": "268cd78a-25e6-5405-a735-b6e0cb76bf30", "clase": 1, "anio": 2018, "area_ha": 0.81, "cerro": "Pico Azul–La Escalera"}, "geometry": {"type": "Polygon", "coordinates": [[[-101.12610227180043, 19.59108827300634], [-101.12609871336755, 19.59081734758366], [-101.12638457602749, 19.590813974892264], [-101.12637745838416, 19.59027212412134], [-101.12666332002979, 19.590268751077975], [-101.12665976081936, 19.589997825729746], [-101.12694562192827, 19.58999445228408], [-101.1269420622995, 19.589723526977455], [-101.12637034097757, 19.589730273315407], [-101.12637389965128, 19.590001198722753], [-101.12608803842399, 19.5900045712631], [-101.12609159667933, 19.590275496712035], [-101.1258057349153, 19.590278868850067], [-101.12581640860374, 19.5910916452954], [-101.12610227180043, 19.59108827300634]]]}}, {"type": "Feature", "properties": {"_h": "c31da675-313d-57bb-ae53-5890f94b2137", "clase": 1, "anio": 1994, "area_ha": 2.61, "cerro": "Pico Azul–La Escalera"}, "geometry": {"type": "Polygon", "coordinates": [[[-101.12181786896868, 19.591409735978253], [-101.12181076637096, 19.59086788363275], [-101.12152490276505, 19.59087124908121], [-101.12151425074411, 19.590058470346598], [-101.12122838851184, 19.590061835191673], [-101.12122483843385, 19.58979090887906], [-101.12065311474721, 19.589797637110745], [-101.12064956568335, 19.589526710688933], [-101.12036370422902, 19.589530074075572], [-101.12036725281536, 19.589801000547595], [-101.12008139082447, 19.58980436353179], [-101.12008493899228, 19.59007529004527], [-101.12037080146072, 19.590071927010875], [-101.1203743501651, 19.590342853465394], [-101.11980262421412, 19.590349579181936], [-101.1198061720224, 19.590620505728122], [-101.12009203550495, 19.590617143045986], [-101.1200955838498, 19.590888069533218], [-101.12038144775092, 19.590884706348195], [-101.12038499663237, 19.591155632776463], [-101.12067086095203, 19.591152269088536], [-101.12067441037009, 19.59142319545784], [-101.12181786896868, 19.591409735978253]]]}}, {"type": "Feature", "properties": {"_h": "81203dd6-bf2d-5997-87a7-d42723599dcc", "clase": 1, "anio": 2011, "area_ha": 0.63, "cerro": "Pico Azul–La Escalera"}, "geometry": {"type": "Polygon", "coordinates": [[[-101.15810412615038, 19.589624033102545], [-101.15809690285592, 19.58908219354077], [-101.15695348788014, 19.58909588154887], [-101.15695709758744, 19.589366801538503], [-101.15724295189892, 19.5893633801643], [-101.15724656214374, 19.58963430009408], [-101.15810412615038, 19.589624033102545]]]}}, {"type": "Feature", "properties": {"_h": "423023c0-319d-5fdb-bd67-cb881cabf29c", "clase": 1, "anio": 2021, "area_ha": 0.63, "cerro": "Pico Azul–La Escalera"}, "geometry": {"type": "Polygon", "coordinates": [[[-101.15410215616416, 19.589671910878177], [-101.1540985511717, 19.589400990386892], [-101.15352684116881, 19.58940782272521], [-101.15352323719128, 19.58913690212315], [-101.1532373825774, 19.589140317562403], [-101.15323377913731, 19.588869396900577], [-101.15294792494096, 19.588872811836236], [-101.1529587340086, 19.58968557394834], [-101.15410215616416, 19.589671910878177]]]}}, {"type": "Feature", "properties": {"_h": "080b2e9d-8b4a-5ee0-a789-a24c9975f4bd", "clase": 1, "anio": 2020, "area_ha": 0.54, "cerro": "Pico Azul–La Escalera"}, "geometry": {"type": "Polygon", "coordinates": [[[-101.15181531089422, 19.589699229776553], [-101.15181170972171, 19.589428308877412], [-101.15238342044374, 19.58942148197048], [-101.1523762163685, 19.58887964034974], [-101.1520903619924, 19.588883053927585], [-101.15209396352259, 19.5891539747933], [-101.1518081086091, 19.589157387969507], [-101.15180450755639, 19.588886467052834], [-101.15151865306049, 19.588889879725475], [-101.15152945496587, 19.589702642602045], [-101.15181531089422, 19.589699229776553]]]}}, {"type": "Feature", "properties": {"_h": "9cd8dec7-1b46-53e9-ad8f-736c2f104b02", "clase": 1, "anio": 2016, "area_ha": 0.81, "cerro": "Pico Azul–La Escalera"}, "geometry": {"type": "Polygon", "coordinates": [[[-101.14895674891666, 19.58973333766335], [-101.14895315251913, 19.589462416255007], [-101.14923900850869, 19.58945900755403], [-101.14923181493809, 19.58891716481282], [-101.1486601048091, 19.588923981558594], [-101.14866370060952, 19.589194903035356], [-101.14837784497782, 19.58919831078021], [-101.14837424965488, 19.588927389252564], [-101.14808839444086, 19.588930796493933], [-101.14809558419157, 19.58947263964219], [-101.14838144036057, 19.589469232299084], [-101.14838503580309, 19.58974015380919], [-101.14895674891666, 19.58973333766335]]]}}, {"type": "Feature", "properties": {"_h": "fc5c85f9-be8f-5e41-949b-aab85eff5369", "clase": 1, "anio": 2016, "area_ha": 1.26, "cerro": "Pico Azul–La Escalera"}, "geometry": {"type": "Polygon", "coordinates": [[[-101.1432503679249, 19.59061418486978], [-101.14323960702457, 19.58980141764815], [-101.14352546468645, 19.589798017948926], [-101.14351470289051, 19.588985250800686], [-101.14322884666113, 19.588988650347645], [-101.14322525999265, 19.588717727896615], [-101.1426535483099, 19.588724525531195], [-101.14266071979658, 19.58926637062747], [-101.14294657662276, 19.589262971935], [-101.14295374930303, 19.58980481689474], [-101.14266789152184, 19.589808215688688], [-101.14267506348567, 19.59035006071485], [-101.14296092222189, 19.590346661819414], [-101.1429645087708, 19.59061758426861], [-101.1432503679249, 19.59061418486978]]]}}, {"type": "Feature", "properties": {"_h": "1da4b1d9-48e4-5170-93d2-e495cfe66dc7", "clase": 1, "anio": 2018, "area_ha": 4.23, "cerro": "Pico Azul–La Escalera"}, "geometry": {"type": "Polygon", "coordinates": [[[-101.11095850743699, 19.59180823665064], [-101.11095497419828, 19.591537308586535], [-101.11152670762125, 19.59153061053629], [-101.1115231734861, 19.591259682563432], [-101.11180903963184, 19.591256332909246], [-101.11179136744988, 19.589901693163803], [-101.11207723114896, 19.589898343306967], [-101.11207016173258, 19.589356487447596], [-101.11178429898861, 19.589359837204405], [-101.11178076484613, 19.58908890921158], [-101.11092317769412, 19.589098955616063], [-101.11092671040399, 19.589369883758877], [-101.11064084742492, 19.589373231705046], [-101.110644379716, 19.5896441598891], [-101.11035851620063, 19.58964750743258], [-101.11036558000394, 19.590189363874412], [-101.11007971547473, 19.590192711065168], [-101.11008324698693, 19.590463639322934], [-101.10951151679716, 19.59047033244633], [-101.10951857808745, 19.59101218913548], [-101.1106620420527, 19.590998800678182], [-101.11067264015973, 19.591811585046678], [-101.11095850743699, 19.59180823665064]], [[-101.1109443748347, 19.590724524341756], [-101.11037264404223, 19.590731220281256], [-101.1103691119937, 19.590460292082206], [-101.11094084183104, 19.590453596242675], [-101.1109443748347, 19.590724524341756]]]}}, {"type": "Feature", "properties": {"_h": "f470b524-3930-527a-97f7-672f9fb65a41", "clase": 1, "anio": 2019, "area_ha": 0.72, "cerro": "Pico Azul–La Escalera"}, "geometry": {"type": "Polygon", "coordinates": [[[-101.1006461531067, 19.590302914402976], [-101.10064263741299, 19.59003198449119], [-101.10092850339875, 19.59002865228891], [-101.10092498728594, 19.58975772241814], [-101.10063912177773, 19.58976105457067], [-101.10063209068268, 19.58921919470339], [-101.10006036140109, 19.58922585745145], [-101.10007090526604, 19.590038647537682], [-101.10035677136874, 19.59003531624078], [-101.10036028658487, 19.590306246202307], [-101.1006461531067, 19.590302914402976]]]}}, {"type": "Feature", "properties": {"_h": "f7d652db-9111-59b3-acf4-e60f5299bef0", "clase": 1, "anio": 2016, "area_ha": 0.54, "cerro": "Pico Azul–La Escalera"}, "geometry": {"type": "Polygon", "coordinates": [[[-101.15037883314345, 19.589174447061357], [-101.15037523447812, 19.58890352588999], [-101.15066108921353, 19.58890011502777], [-101.15065749013058, 19.588629193898562], [-101.14979992717727, 19.588639424974662], [-101.14980352482779, 19.58891034625662], [-101.14951766991284, 19.588913755761023], [-101.14952126714573, 19.589184677085118], [-101.15037883314345, 19.589174447061357]]]}}, {"type": "Feature", "properties": {"_h": "680387e1-0b9b-545b-8fdb-c2a6a75e3ba0", "clase": 1, "anio": 1993, "area_ha": 0.54, "cerro": "Pico Azul–La Escalera"}, "geometry": {"type": "Polygon", "coordinates": [[[-101.09120552725084, 19.589870761647088], [-101.09120202743378, 19.589599830079912], [-101.09148789438984, 19.589596512915634], [-101.09147739385529, 19.588783718310278], [-101.09119152833189, 19.588787035325993], [-101.09119502797431, 19.589057966919363], [-101.09090916191515, 19.589061283531926], [-101.09091965975898, 19.589874078408204], [-101.09120552725084, 19.589870761647088]]]}}, {"type": "Feature", "properties": {"_h": "08149d61-98f7-54cf-bf0b-a99cc1418805", "clase": 2, "anio": 2023, "area_ha": 3.06, "cerro": "Pico Azul–La Escalera"}, "geometry": {"type": "Polygon", "coordinates": [[[-101.13981289160787, 19.59011310175762], [-101.13980931043098, 19.589842178733118], [-101.14066688538401, 19.5898319945725], [-101.14065972034383, 19.589290148801272], [-101.14094557758733, 19.58928675327717], [-101.1409312463121, 19.58820306183235], [-101.1403595355854, 19.588209852022388], [-101.14036311735987, 19.588480774998125], [-101.14064897323048, 19.588477380078714], [-101.14065613791314, 19.58901922590252], [-101.13979856725766, 19.589029409607], [-101.13979140543992, 19.588487563479116], [-101.1395055493906, 19.588490957040708], [-101.13949838876604, 19.587949110776446], [-101.13892667839863, 19.58795589633917], [-101.1389517349419, 19.58985235881996], [-101.13952345199417, 19.589845572548036], [-101.13952703269354, 19.590116495623214], [-101.13981289160787, 19.59011310175762]]]}}, {"type": "Feature", "properties": {"_h": "0f2e7c55-a70c-5dda-9742-f9234f370eee", "clase": 1, "anio": 1993, "area_ha": 1.26, "cerro": "Pico Azul–La Escalera"}, "geometry": {"type": "Polygon", "coordinates": [[[-101.08691401611176, 19.58964953322135], [-101.08690353850017, 19.58883673624123], [-101.08661767204634, 19.588840046014205], [-101.08662116404791, 19.58911097839906], [-101.08633529705845, 19.58911428776877], [-101.08633180553446, 19.5888433553345], [-101.0860459389645, 19.588846664202126], [-101.08604244797613, 19.588575731709728], [-101.08632831406855, 19.588572422891506], [-101.08632482266069, 19.588301490439775], [-101.08546722564189, 19.58831141538824], [-101.08547769574169, 19.5891242131618], [-101.08576356290534, 19.58912090515014], [-101.08576705353228, 19.58939183767447], [-101.08662465610755, 19.58938191077518], [-101.08662814822527, 19.589652843142577], [-101.08691401611176, 19.58964953322135]]]}}, {"type": "Feature", "properties": {"_h": "8323dfd9-9c5d-5e01-b99e-813a5750f672", "clase": 1, "anio": 2015, "area_ha": 1.17, "cerro": "Pico Azul–La Escalera"}, "geometry": {"type": "Polygon", "coordinates": [[[-101.16865892922236, 19.587871564523926], [-101.16865530024066, 19.587600646590204], [-101.16922699813722, 19.587593766892216], [-101.16921973844526, 19.587051931203852], [-101.16750464976025, 19.587072564251038], [-101.1675082767116, 19.58734348240768], [-101.16807997413615, 19.58733660643278], [-101.16808360210266, 19.587607524477978], [-101.16779775294314, 19.587610962743035], [-101.16780138049258, 19.58788188083079], [-101.16865892922236, 19.587871564523926]]]}}, {"type": "Feature", "properties": {"_h": "6cf2c5ec-8a13-5312-bcd1-c424da28e6e4", "clase": 1, "anio": 2022, "area_ha": 0.9, "cerro": "Pico Azul–La Escalera"}, "geometry": {"type": "Polygon", "coordinates": [[[-101.14064539097853, 19.58820645715367], [-101.14064180878617, 19.587935534219863], [-101.14092766364227, 19.58793213894924], [-101.14092408103203, 19.587661216057366], [-101.14063822665338, 19.587664611277294], [-101.14063464458019, 19.587393688325964], [-101.14006293659907, 19.587400477306716], [-101.14005935554033, 19.587129554245255], [-101.13977350193787, 19.587132948006083], [-101.13978424386042, 19.587945717316185], [-101.14007009889524, 19.587942323403336], [-101.14007368013267, 19.588213246438514], [-101.14064539097853, 19.58820645715367]]]}}, {"type": "Feature", "properties": {"_h": "d36598f8-4f2a-5dbf-a94a-fb0f68d45ff5", "clase": 2, "anio": 2015, "area_ha": 1.89, "cerro": "Pico Azul–La Escalera"}, "geometry": {"type": "Polygon", "coordinates": [[[-101.16666523280195, 19.588437466130486], [-101.16665798134153, 19.587895629570756], [-101.1672296810377, 19.587888756105897], [-101.1672260544431, 19.587617837915488], [-101.1675119037233, 19.587614400555537], [-101.16750464976025, 19.587072564251038], [-101.16693295304918, 19.587079438313115], [-101.16692570123703, 19.58653760176823], [-101.16663985374582, 19.58654103801784], [-101.16664347914435, 19.586811956345976], [-101.16635763111546, 19.58681539219436], [-101.16636488113862, 19.5873572289269], [-101.16607903209461, 19.58736066442534], [-101.16608628140415, 19.58790250122537], [-101.165800431345, 19.58790593637383], [-101.16580405561277, 19.588176854811966], [-101.16608990614932, 19.588173419612215], [-101.16609353095481, 19.58844433799029], [-101.16666523280195, 19.588437466130486]]]}}, {"type": "Feature", "properties": {"_h": "e340bb3c-5d52-5a5b-8936-a79a97f3f178", "clase": 1, "anio": 2017, "area_ha": 0.9, "cerro": "Pico Azul–La Escalera"}, "geometry": {"type": "Polygon", "coordinates": [[[-101.1472164553858, 19.587857328490387], [-101.14721286227164, 19.587586406715477], [-101.14749871527769, 19.587583001086184], [-101.14749512174585, 19.587312079353357], [-101.1477809742147, 19.587308673322344], [-101.1477773802652, 19.587037751631602], [-101.1472056762226, 19.587044563139358], [-101.14720208328774, 19.58677364133815], [-101.14691623165422, 19.586777046362343], [-101.14691982411165, 19.58704796821439], [-101.14663397194094, 19.58705137283686], [-101.14663756398073, 19.587322294730978], [-101.14635171127284, 19.58732569895171], [-101.14635530289493, 19.587596620887894], [-101.14692700920583, 19.587589811892194], [-101.14693060184254, 19.587860733717942], [-101.1472164553858, 19.587857328490387]]]}}, {"type": "Feature", "properties": {"_h": "6cf27bda-8b83-5c9c-a1ca-15d3a0661a40", "clase": 1, "anio": 2012, "area_ha": 2.25, "cerro": "Pico Azul–La Escalera"}, "geometry": {"type": "Polygon", "coordinates": [[[-101.10062857522286, 19.58894826475664], [-101.10062154447863, 19.588406404836935], [-101.10033568129968, 19.588409736288078], [-101.1003321664928, 19.58813880626537], [-101.1000463037329, 19.588142137214135], [-101.100042789462, 19.587871207132956], [-101.10032865174438, 19.58786787623393], [-101.10031810784989, 19.587055086087165], [-101.100032247, 19.58705841683699], [-101.10003576109554, 19.587329346944387], [-101.09946403826544, 19.58733600718563], [-101.09946755146443, 19.587606937383732], [-101.09918168948421, 19.587610266875135], [-101.09919925396821, 19.58896491798313], [-101.10062857522286, 19.58894826475664]]]}}, {"type": "Feature", "properties": {"_h": "2f1a4536-e715-576a-816d-9f37c0216b81", "clase": 2, "anio": 2022, "area_ha": 1.44, "cerro": "Pico Azul–La Escalera"}, "geometry": {"type": "Polygon", "coordinates": [[[-101.14264279152715, 19.587911757821058], [-101.14263920605218, 19.587640835233486], [-101.14292506001352, 19.587637436845466], [-101.14292147412075, 19.58736651429987], [-101.143207327545, 19.587363115510012], [-101.14320374123443, 19.587092193006402], [-101.14348959412158, 19.58708879381473], [-101.14348242072455, 19.586546948882724], [-101.14262486474868, 19.58655714479557], [-101.14263203528117, 19.587098990032054], [-101.14234618221506, 19.587102387866025], [-101.14234259739644, 19.586831465201435], [-101.14205674474815, 19.58683486253211], [-101.14206391349016, 19.58737670795399], [-101.14177805982737, 19.587380104933537], [-101.14178164381038, 19.587651027682057], [-101.14235335203121, 19.587644233168927], [-101.14235693702872, 19.58791515580723], [-101.14264279152715, 19.587911757821058]]]}}, {"type": "Feature", "properties": {"_h": "7905183e-7658-5f57-ab54-498f015ac885", "clase": 1, "anio": 2009, "area_ha": 2.61, "cerro": "Pico Azul–La Escalera"}, "geometry": {"type": "Polygon", "coordinates": [[[-101.16266331480982, 19.588485531132566], [-101.16265969573364, 19.58821461213948], [-101.16294554693287, 19.588211181918023], [-101.16293830800625, 19.587669344007956], [-101.16265245776188, 19.587672774126982], [-101.16264160125567, 19.58686001704243], [-101.16321329881974, 19.586853156659114], [-101.16320967914993, 19.58658223771581], [-101.16349552736426, 19.58657880689657], [-101.16350638798652, 19.587391563546472], [-101.16379223757284, 19.587388132120996], [-101.163777754954, 19.58630445677518], [-101.16349190727728, 19.586307887995723], [-101.1634882872505, 19.5860369690861], [-101.16263074529122, 19.586047259878907], [-101.16263436388584, 19.586318178942182], [-101.1620626679906, 19.586325037310523], [-101.16207352127124, 19.587137794754945], [-101.16178767180115, 19.5871412234139], [-101.1617912892043, 19.58741214259568], [-101.1620771391518, 19.587408713885534], [-101.16208075709255, 19.58767963300735], [-101.1623666074573, 19.58767620379345], [-101.1623738444742, 19.58821804190836], [-101.16208799315459, 19.588221471224664], [-101.16209161127587, 19.58849239032016], [-101.16266331480982, 19.588485531132566]]]}}, {"type": "Feature", "properties": {"_h": "3918d447-6075-5f4f-bf5d-d0a137453b59", "clase": 1, "anio": 2015, "area_ha": 0.72, "cerro": "Pico Azul–La Escalera"}, "geometry": {"type": "Polygon", "coordinates": [[[-101.16635763111546, 19.58681539219436], [-101.16635038133347, 19.58627355542671], [-101.16577868700433, 19.586280425560698], [-101.1657823109104, 19.586551344051497], [-101.16549646317804, 19.58655477849099], [-101.16548921638092, 19.586012941398064], [-101.16520336954305, 19.58601637528248], [-101.16521423839696, 19.58682913106253], [-101.16635763111546, 19.58681539219436]]]}}, {"type": "Feature", "properties": {"_h": "cd721c35-b50e-5295-9450-10976d240193", "clase": 2, "anio": 2023, "area_ha": 0.54, "cerro": "Pico Azul–La Escalera"}, "geometry": {"type": "Polygon", "coordinates": [[[-101.14262486474868, 19.58655714479557], [-101.14261769445476, 19.58601529952404], [-101.14147428947133, 19.586028887332937], [-101.14147787267886, 19.586299810175976], [-101.14204957624462, 19.586293017075178], [-101.14205316046657, 19.586563939808023], [-101.14262486474868, 19.58655714479557]]]}}, {"type": "Feature", "properties": {"_h": "cf4ae774-1c07-501f-bfc4-21b5692fa31b", "clase": 1, "anio": 2012, "area_ha": 10.53, "cerro": "Pico Azul–La Escalera"}, "geometry": {"type": "Polygon", "coordinates": [[[-101.09263486383679, 19.589854171051098], [-101.09263136163186, 19.589583239731617], [-101.09291722829676, 19.589579920303898], [-101.09291372567252, 19.589308989025238], [-101.09377132388494, 19.589299028174675], [-101.0937678198863, 19.589028097036007], [-101.09519714668679, 19.589011486812847], [-101.09520065307319, 19.589282417703522], [-101.09748757674124, 19.589255817410535], [-101.09748406653442, 19.588984886917007], [-101.09805579591266, 19.588978232416377], [-101.09805228480914, 19.588707302013464], [-101.09862401299867, 19.58870064580156], [-101.09862752505727, 19.58897157610508], [-101.09891338954195, 19.588968247270444], [-101.09890636452812, 19.588426386754044], [-101.09833463741047, 19.588433043771875], [-101.09833112594625, 19.588162113401175], [-101.09861698905675, 19.588158785168275], [-101.09861347717342, 19.58788785483853], [-101.09775588909923, 19.58789783803023], [-101.09775939955001, 19.58816876850904], [-101.09718767292021, 19.588175421806312], [-101.09717363528745, 19.587091699441313], [-101.09745949672151, 19.58708837321766], [-101.09745598698177, 19.586817442654233], [-101.09774184787997, 19.586814116027636], [-101.09773833772114, 19.586543185505146], [-101.09745247730041, 19.586546512082073], [-101.09744896767744, 19.586275581501177], [-101.0971631076758, 19.586278907575828], [-101.09717012602518, 19.586820768828225], [-101.09688426501023, 19.586824094549595], [-101.09689830049952, 19.587907817148174], [-101.0966124375162, 19.58791114261555], [-101.09660892903383, 19.587640211929354], [-101.09546547842709, 19.58765350907389], [-101.0954689849994, 19.587924439958623], [-101.094897258391, 19.587931085914313], [-101.09489375277373, 19.587660154930344], [-101.09460788985956, 19.587663477179618], [-101.09461139499935, 19.587934408213187], [-101.09432553154937, 19.587937730059423], [-101.09431852228315, 19.58739586788435], [-101.09374679711836, 19.58740251002054], [-101.09375030076731, 19.587673441211617], [-101.09317857441441, 19.587680081636435], [-101.0931820771666, 19.587951012917927], [-101.0934679408497, 19.587947692882267], [-101.0934714441377, 19.588218624105462], [-101.09232798714561, 19.588231901730477], [-101.09233499007613, 19.58877376454715], [-101.0926208553666, 19.58877044572077], [-101.09262435739677, 19.589041377066454], [-101.09205262580248, 19.58904801436564], [-101.09205612693579, 19.589318945801683], [-101.09177026057374, 19.589322263821806], [-101.0917772620599, 19.589864126766777], [-101.0920631293771, 19.589860808647572], [-101.09205962812733, 19.589589877228995], [-101.09234549490871, 19.589586558706653], [-101.09234899663606, 19.58985749007568], [-101.09263486383679, 19.589854171051098]], [[-101.09748406653442, 19.588984886917007], [-101.09719820175775, 19.588988213488324], [-101.09719469208686, 19.58871728293639], [-101.097480556386, 19.58871395641474], [-101.09748406653442, 19.588984886917007]], [[-101.09433254104879, 19.588479592199562], [-101.09404667658546, 19.588482913692335], [-101.09404317228413, 19.588211982577043], [-101.09432903626993, 19.588208661133862], [-101.09433254104879, 19.588479592199562]]]}}, {"type": "Feature", "properties": {"_h": "dae7fe42-900c-5b76-825b-655d3a48d072", "clase": 1, "anio": 1997, "area_ha": 0.72, "cerro": "Pico Azul–La Escalera"}, "geometry": {"type": "Polygon", "coordinates": [[[-101.15205074911374, 19.585902923825945], [-101.15203994685925, 19.58509016088682], [-101.15146825129507, 19.585096985258026], [-101.15147185103194, 19.585367906348402], [-101.15118600268268, 19.585371317906183], [-101.15119320138129, 19.585913160162526], [-101.15205074911374, 19.585902923825945]]]}}, {"type": "Feature", "properties": {"_h": "b9341449-3b26-5833-ae0a-ccb98380852c", "clase": 1, "anio": 1997, "area_ha": 0.63, "cerro": "Pico Azul–La Escalera"}, "geometry": {"type": "Polygon", "coordinates": [[[-101.16606090987587, 19.586006072271683], [-101.16605728561298, 19.58573515381462], [-101.16634313179267, 19.58573171862395], [-101.1663395071127, 19.58546080020941], [-101.16605366141037, 19.585464235348788], [-101.16605003726805, 19.585193316874175], [-101.16633588249303, 19.585189881786093], [-101.16633225793365, 19.584918963353996], [-101.16576056837812, 19.584925832975088], [-101.16577143937302, 19.585738588552783], [-101.16548559307277, 19.585742022838435], [-101.16548921638092, 19.586012941398064], [-101.16606090987587, 19.586006072271683]]]}}, {"type": "Feature", "properties": {"_h": "b981d2b2-87d4-5169-acaa-cad73e11c3c3", "clase": 1, "anio": 1997, "area_ha": 0.9, "cerro": "Pico Azul–La Escalera"}, "geometry": {"type": "Polygon", "coordinates": [[[-101.1729103060103, 19.585110749872346], [-101.17290667047213, 19.584839832621856], [-101.1723349836939, 19.58484672305722], [-101.17232771470829, 19.58430488832412], [-101.17204187218313, 19.584308332760216], [-101.17204550616839, 19.584579250182585], [-101.17175966310545, 19.584582694217637], [-101.1717560295975, 19.58431177674383], [-101.17118434424495, 19.58431866335368], [-101.17119160941198, 19.584860498498177], [-101.1720491402141, 19.584850167596176], [-101.17205277432025, 19.58512108500099], [-101.1729103060103, 19.585110749872346]]]}}, {"type": "Feature", "properties": {"_h": "e0a17acf-7737-5e26-86fc-49633e7fc211", "clase": 1, "anio": 1997, "area_ha": 0.54, "cerro": "Pico Azul–La Escalera"}, "geometry": {"type": "Polygon", "coordinates": [[[-101.16690757276207, 19.585183010252436], [-101.166903947248, 19.58491209192295], [-101.16718979181474, 19.584908655528697], [-101.16718616588365, 19.584637737241746], [-101.16690032179426, 19.584641173584682], [-101.16689669640081, 19.58437025523764], [-101.16632500899578, 19.58437712646348], [-101.16633225793365, 19.584918963353996], [-101.16661810262099, 19.584915527864716], [-101.16662172765771, 19.585186446245515], [-101.16690757276207, 19.585183010252436]]]}}, {"type": "Feature", "properties": {"_h": "c6505500-31bd-571f-9dbd-3daf9a3f3ffd", "clase": 1, "anio": 1997, "area_ha": 0.72, "cerro": "Pico Azul–La Escalera"}, "geometry": {"type": "Polygon", "coordinates": [[[-101.09058131539068, 19.58581341880655], [-101.09057781740167, 19.58554248700935], [-101.09086367731148, 19.585539171493096], [-101.0908601789032, 19.585268239736674], [-101.09057431947083, 19.585271555203413], [-101.09057082159819, 19.585000623388748], [-101.0894273851967, 19.58501388053192], [-101.08943088115957, 19.58528481254455], [-101.09000260043155, 19.585278184779146], [-101.09000609740747, 19.585549116684078], [-101.09029195743365, 19.585545802073007], [-101.0902954549452, 19.58581673391971], [-101.09058131539068, 19.58581341880655]]]}}, {"type": "Feature", "properties": {"_h": "5a7cee76-e7e6-5edd-aacd-f482f12da871", "clase": 2, "anio": 2021, "area_ha": 0.54, "cerro": "Pico Azul–La Escalera"}, "geometry": {"type": "Polygon", "coordinates": [[[-101.16946565710832, 19.584068394430226], [-101.16946202753971, 19.583797476527693], [-101.16917618536502, 19.58380091633636], [-101.16917255633409, 19.58352999837368], [-101.16945839803148, 19.58352655861638], [-101.16945476858362, 19.583255640696294], [-101.16888308608306, 19.583262519655722], [-101.16889034312996, 19.58380435569258], [-101.16860450083453, 19.583807794596336], [-101.16860812897123, 19.58407871265295], [-101.16946565710832, 19.584068394430226]]]}}, {"type": "Feature", "properties": {"_h": "0780fc19-6477-50ae-9011-e5f10a89e405", "clase": 1, "anio": 2012, "area_ha": 0.63, "cerro": "Pico Azul–La Escalera"}, "geometry": {"type": "Polygon", "coordinates": [[[-101.09599862489698, 19.58466662219005], [-101.09599161130082, 19.584124760400694], [-101.09541989829462, 19.584131406777363], [-101.09541639253884, 19.583860475770337], [-101.09455882402436, 19.5838704417924], [-101.09456232834793, 19.584141372948263], [-101.09513404170404, 19.584134729286877], [-101.09513754704072, 19.584405660334795], [-101.09570926111839, 19.584399014763978], [-101.09571276746821, 19.58466994570392], [-101.09599862489698, 19.58466662219005]]]}}, {"type": "Feature", "properties": {"_h": "5d3834fb-3048-54dd-a3a5-be8c48af4c72", "clase": 1, "anio": 2021, "area_ha": 0.63, "cerro": "Pico Azul–La Escalera"}, "geometry": {"type": "Polygon", "coordinates": [[[-101.16889034312996, 19.58380435569258], [-101.16888308608306, 19.583262519655722], [-101.16859724474223, 19.583265958456774], [-101.1685936167866, 19.58299504037383], [-101.16802193487845, 19.583001916515915], [-101.16801830793773, 19.582730998321512], [-101.16773246737043, 19.582734435662562], [-101.16773972035764, 19.583276272145255], [-101.16831140334104, 19.58326939680538], [-101.16831503087974, 19.58354031493089], [-101.1686008727582, 19.583536876530943], [-101.16860450083453, 19.583807794596336], [-101.16889034312996, 19.58380435569258]]]}}, {"type": "Feature", "properties": {"_h": "a16a2844-d032-5d43-aee3-ab7f5ec061c3", "clase": 1, "anio": 1999, "area_ha": 0.54, "cerro": "Pico Azul–La Escalera"}, "geometry": {"type": "Polygon", "coordinates": [[[-101.17287031841656, 19.582130659634114], [-101.17286668354359, 19.581859742287058], [-101.17258084543485, 19.58186318716505], [-101.17257721109961, 19.581592269757774], [-101.17200553565522, 19.581599158053677], [-101.17200916903599, 19.58187007556383], [-101.17172333074589, 19.581873519084613], [-101.17172696370987, 19.58214443663742], [-101.17287031841656, 19.582130659634114]]]}}, {"type": "Feature", "properties": {"_h": "1d901d81-9501-5c10-ab6d-eee8f60325ed", "clase": 1, "anio": 1998, "area_ha": 6.48, "cerro": "Pico Azul–La Escalera"}, "geometry": {"type": "Polygon", "coordinates": [[[-101.16175150107884, 19.5844320311135], [-101.16174788433752, 19.584161111835215], [-101.16260541681416, 19.584150826190267], [-101.1625945626554, 19.583338068763535], [-101.16230871998862, 19.583341497610707], [-101.16230510253337, 19.58307057839971], [-101.16116173317376, 19.58308428905913], [-101.16115811768785, 19.582813369634618], [-101.16030059146843, 19.582823647724986], [-101.16029336354069, 19.582281808542657], [-101.1605792047194, 19.58227838306729], [-101.16057559036844, 19.582007463514124], [-101.160289749667, 19.58201088893833], [-101.16028613585343, 19.58173996932524], [-101.15971445522469, 19.58174681871411], [-101.15970722968692, 19.581204979257034], [-101.15942139023687, 19.581208403170564], [-101.15942500249848, 19.58147932295463], [-101.15913916251111, 19.581482746466882], [-101.15914638626009, 19.582024586110947], [-101.15886054525811, 19.582028009273042], [-101.1588677682929, 19.582569848984274], [-101.1585819262763, 19.58257327179617], [-101.15859637115767, 19.58365695131785], [-101.15945390275476, 19.583646680911357], [-101.15945029001239, 19.58337576119746], [-101.15973613328059, 19.58337233687484], [-101.15974335978008, 19.583914176191584], [-101.16060089208787, 19.58390390020207], [-101.16059727737613, 19.58363298070153], [-101.16088312088115, 19.58362955451792], [-101.1608903513194, 19.584171393407892], [-101.16117619571892, 19.584167966669476], [-101.16117981150559, 19.584438886050126], [-101.16175150107884, 19.5844320311135]], [[-101.16059727737613, 19.58363298070153], [-101.16002559018567, 19.583639831711373], [-101.16002197648868, 19.58336891209976], [-101.16030781963666, 19.583365486872225], [-101.16030420552248, 19.58309456730299], [-101.16059004813305, 19.583091141674153], [-101.16059727737613, 19.58363298070153]], [[-101.15972529398216, 19.582559577833944], [-101.15943945214583, 19.58256300200316], [-101.15943583964385, 19.582292082254178], [-101.1597216810029, 19.5822886581361], [-101.15972529398216, 19.582559577833944]]]}}, {"type": "Feature", "properties": {"_h": "06cb7c44-8379-5f04-8850-886e2d29bfe1", "clase": 1, "anio": 1998, "area_ha": 10.44, "cerro": "Pico Azul–La Escalera"}, "geometry": {"type": "Polygon", "coordinates": [[[-101.16545298601153, 19.583303755406913], [-101.16544574066086, 19.582761918103376], [-101.16573158171056, 19.5827584843818], [-101.16572795864835, 19.58248756576815], [-101.16601379916051, 19.582484131645415], [-101.16602104629976, 19.58302596876137], [-101.16659272905234, 19.58301909895344], [-101.16658548000399, 19.582477262042666], [-101.1662996396124, 19.58248069707026], [-101.16629239175974, 19.581938860021786], [-101.16657823119682, 19.581935425096795], [-101.16657460688367, 19.581664506610696], [-101.1668604457832, 19.581661071284596], [-101.16685682105312, 19.581390152841028], [-101.1671426594151, 19.581386717113833], [-101.16713903426809, 19.581115798712805], [-101.16685319638333, 19.581119234388687], [-101.16684232273579, 19.580306478979015], [-101.16655648622239, 19.58030991404859], [-101.16657098263082, 19.581393588115827], [-101.16628514414825, 19.581397022938223], [-101.16628152043292, 19.581126104383276], [-101.16570984424136, 19.581132972568295], [-101.16571708982335, 19.581674809874553], [-101.16543125068269, 19.58167824339103], [-101.1654276283388, 19.581407324691007], [-101.16514178961512, 19.581410757703797], [-101.16513816780873, 19.581139838943724], [-101.16542400605518, 19.58113640598221], [-101.16542038383183, 19.580865487264635], [-101.16427703239344, 19.58087921619131], [-101.16428065270789, 19.58115013511392], [-101.16342313706498, 19.581160427212538], [-101.16341951818221, 19.580889508136213], [-101.16227616505773, 19.580903224395954], [-101.16227978203156, 19.581174143677124], [-101.1625656208802, 19.581170715239573], [-101.16257285596289, 19.581712553673196], [-101.16228701615977, 19.58171598221315], [-101.16228339906559, 19.581445062949523], [-101.16114004116041, 19.581458772380458], [-101.16113642603534, 19.581187852903323], [-101.16085058688591, 19.581191279078865], [-101.16086504583798, 19.582274957139497], [-101.16229425052869, 19.58225782071409], [-101.16229063331414, 19.581986901468007], [-101.16257647359451, 19.58198347287685], [-101.1625945626554, 19.583338068763535], [-101.16288040526199, 19.5833346394639], [-101.16287316850249, 19.582792801237968], [-101.16373069309729, 19.58278251093171], [-101.16373431287882, 19.583053429895386], [-101.16459183836352, 19.583043135363457], [-101.16459545963711, 19.583314054164628], [-101.16545298601153, 19.583303755406913]], [[-101.16372707337602, 19.582511591959253], [-101.1634412323819, 19.58251502246255], [-101.1634376131981, 19.58224410343009], [-101.16372345371495, 19.58224067297803], [-101.16372707337602, 19.582511591959253]], [[-101.1634376131981, 19.58224410343009], [-101.16315177262103, 19.582247533429733], [-101.16314453538858, 19.581705695236046], [-101.16285869570582, 19.581709124680827], [-101.16285507765714, 19.581438205519618], [-101.16342675600795, 19.581431346280084], [-101.1634376131981, 19.58224410343009]]]}}, {"type": "Feature", "properties": {"_h": "686212d4-a537-5371-b5e4-b68322851b26", "clase": 1, "anio": 1998, "area_ha": 1.35, "cerro": "Pico Azul–La Escalera"}, "geometry": {"type": "Polygon", "coordinates": [[[-101.16169725627613, 19.58036824101803], [-101.16169364043722, 19.580097321608154], [-101.16140780331696, 19.580100748483773], [-101.16140418801544, 19.579829829013953], [-101.16226169776411, 19.57981954718354], [-101.16225446447835, 19.579277708524707], [-101.160825286035, 19.579294842135077], [-101.16083974330328, 19.58037852044129], [-101.16169725627613, 19.58036824101803]]]}}, {"type": "Feature", "properties": {"_h": "92f5c3c7-f68d-5d5d-998c-7fab86fc10f8", "clase": 1, "anio": 2000, "area_ha": 1.44, "cerro": "Pico Azul–La Escalera"}, "geometry": {"type": "Polygon", "coordinates": [[[-101.05478299333778, 19.58107647800529], [-101.0547658078253, 19.579721787427157], [-101.05390823905819, 19.579731558173716], [-101.05391167461433, 19.580002496452707], [-101.05362581776696, 19.580005752511894], [-101.05363268809603, 19.580547629141012], [-101.05391854589809, 19.580544372984555], [-101.0539219816257, 19.580815311237412], [-101.05420783984795, 19.58081205457981], [-101.05421127611011, 19.58108299277532], [-101.05478299333778, 19.58107647800529]]]}}, {"type": "Feature", "properties": {"_h": "d22690a4-5df6-5125-9b8e-a84c3d49add3", "clase": 1, "anio": 2000, "area_ha": 0.63, "cerro": "Pico Azul–La Escalera"}, "geometry": {"type": "Polygon", "coordinates": [[[-101.05476237089437, 19.579450849285408], [-101.05475549720406, 19.57890897297576], [-101.05504135191346, 19.578905715301268], [-101.05503791467679, 19.578634777182042], [-101.05446620615538, 19.57864129198126], [-101.05446964243748, 19.5789122301978], [-101.05418378761371, 19.57891548696738], [-101.05418722347567, 19.579186425223853], [-101.05390136811742, 19.579189681589607], [-101.05390480355923, 19.57946061988602], [-101.05476237089437, 19.579450849285408]]]}}, {"type": "Feature", "properties": {"_h": "48ab844c-573f-5331-aad5-0b7edef3846c", "clase": 1, "anio": 2020, "area_ha": 0.54, "cerro": "Pico Azul–La Escalera"}, "geometry": {"type": "Polygon", "coordinates": [[[-101.05189694696618, 19.57894152483533], [-101.0518797876053, 19.57758683147764], [-101.05159393465372, 19.57759008393211], [-101.0516042286671, 19.57840290011861], [-101.0513183742266, 19.578406152266393], [-101.05132180520128, 19.578677091026385], [-101.05160766011909, 19.578673838830028], [-101.05161109162817, 19.578944777532733], [-101.05189694696618, 19.57894152483533]]]}}, {"type": "Feature", "properties": {"_h": "5cd096fd-c518-53b0-b0b7-ddd059db8f7d", "clase": 1, "anio": 2013, "area_ha": 0.54, "cerro": "Pico Azul–La Escalera"}, "geometry": {"type": "Polygon", "coordinates": [[[-101.06843840540974, 19.575771799681466], [-101.0684349463738, 19.575500863761018], [-101.0687207926022, 19.575497584956665], [-101.06871733314664, 19.575226649076495], [-101.06814564158665, 19.57523320613489], [-101.06814218314302, 19.574962270148045], [-101.06785633775387, 19.57496554794974], [-101.0678667118259, 19.575778356031048], [-101.06843840540974, 19.575771799681466]]]}}, {"type": "Feature", "properties": {"_h": "139428cd-01cd-57b5-90c2-1c8d4ca7b9c8", "clase": 1, "anio": 2019, "area_ha": 4.14, "cerro": "Pico Azul–La Escalera"}, "geometry": {"type": "Polygon", "coordinates": [[[-101.15131711641267, 19.573718291546683], [-101.15131351925024, 19.573447370079418], [-101.15188517377582, 19.57344055008978], [-101.1518815757192, 19.573169628715636], [-101.15359653499657, 19.57314915819932], [-101.15358213192093, 19.57206547383843], [-101.15301048288406, 19.572072298744825], [-101.1530068832189, 19.571801377530726], [-101.15214941064525, 19.571811611346053], [-101.15215300887947, 19.572082532713054], [-101.15158135924365, 19.572089353097617], [-101.15158495658378, 19.57236027455776], [-101.15072748025011, 19.57237050189602], [-101.15073107621913, 19.572641423500208], [-101.15044525017787, 19.5726448317595], [-101.15044884572973, 19.57291575340584], [-101.15016301915165, 19.572919161263844], [-101.15016661428632, 19.57319008295234], [-101.1510240952721, 19.573179857868947], [-101.15103128858307, 19.57372170091411], [-101.15131711641267, 19.573718291546683]], [[-101.1530140826091, 19.572343219950163], [-101.15272825752383, 19.572346631776064], [-101.15272465827576, 19.572075710519755], [-101.15301048288406, 19.572072298744825], [-101.1530140826091, 19.572343219950163]]]}}, {"type": "Feature", "properties": {"_h": "9732a60f-9e4f-5776-84aa-326cff30fac5", "clase": 1, "anio": 1996, "area_ha": 2.43, "cerro": "Pico Azul–La Escalera"}, "geometry": {"type": "Polygon", "coordinates": [[[-101.17929880251273, 19.571214648066277], [-101.17929515908898, 19.57094373155315], [-101.17958097666134, 19.570940277881764], [-101.17957004532317, 19.570127528444516], [-101.17928422918152, 19.5701309819611], [-101.1792769428797, 19.569589148855847], [-101.17870531232204, 19.56959605432632], [-101.17870895448885, 19.569866970986517], [-101.17842313864222, 19.569870423095203], [-101.17841949695227, 19.569599506383422], [-101.17813368152189, 19.569602957988426], [-101.17813004036942, 19.5693320412163], [-101.17784422535532, 19.569335492317645], [-101.17784786603092, 19.569606409141343], [-101.17699041919447, 19.56961675988752], [-101.17699405850001, 19.569887676857107], [-101.17756569073866, 19.569880776708644], [-101.17756933105855, 19.57015169356635], [-101.17785514756389, 19.570148242762404], [-101.17785878842128, 19.570419159559776], [-101.17757297143903, 19.570422610415275], [-101.17757661188011, 19.570693527255425], [-101.17786242933924, 19.57069007634836], [-101.17786607031782, 19.57096099312818], [-101.17815188819326, 19.570957541717423], [-101.17814460534291, 19.570415708252156], [-101.17900205574418, 19.57040535161663], [-101.17901298440282, 19.57121810133713], [-101.17929880251273, 19.571214648066277]], [[-101.17842678039278, 19.570141339798198], [-101.17814096400863, 19.57014479150636], [-101.17813732273495, 19.56987387475178], [-101.17842313864222, 19.569870423095203], [-101.17842678039278, 19.570141339798198]]]}}, {"type": "Feature", "properties": {"_h": "a9e9a7cf-b468-5e5e-90ae-4aae658adb81", "clase": 1, "anio": 1994, "area_ha": 1.71, "cerro": "Pico Azul–La Escalera"}, "geometry": {"type": "Polygon", "coordinates": [[[-101.15921919948681, 19.566036881268957], [-101.15921198187313, 19.565495040692596], [-101.1589261700296, 19.565498461188547], [-101.15892256178965, 19.565227540836105], [-101.15863675036282, 19.565230960828934], [-101.1586331426597, 19.564960040416615], [-101.1583473316496, 19.564963459906327], [-101.158340117377, 19.56442161895319], [-101.15776849708368, 19.564428456372237], [-101.15777210323644, 19.56469937695538], [-101.15805791388988, 19.564695958420756], [-101.15806152057942, 19.564966878944045], [-101.15748989825902, 19.564973715663474], [-101.15750071582723, 19.565786477487286], [-101.15892977832962, 19.56576938153223], [-101.1589333866897, 19.566040301867147], [-101.15921919948681, 19.566036881268957]]]}}, {"type": "Feature", "properties": {"_h": "1aeeabfa-dd70-5347-910c-630bb6f0fea5", "clase": 1, "anio": 2010, "area_ha": 1.17, "cerro": "Pico Azul–La Escalera"}, "geometry": {"type": "Polygon", "coordinates": [[[-101.16406354043276, 19.56489498423266], [-101.16405992373132, 19.56462406478385], [-101.1649173515431, 19.564613777992758], [-101.16491373347161, 19.564342858688935], [-101.16462792473797, 19.564346288020026], [-101.16462430720345, 19.564075368656173], [-101.16433849888635, 19.564078797484044], [-101.16433488188878, 19.56380787806018], [-101.1634774580064, 19.563818161678267], [-101.16348830488911, 19.564630920384662], [-101.16377411434031, 19.56462749281025], [-101.163777730565, 19.56489841231028], [-101.16406354043276, 19.56489498423266]]]}}, {"type": "Feature", "properties": {"_h": "edce6ab3-e0ee-5ca6-bf5a-183603b1e6c9", "clase": 1, "anio": 2004, "area_ha": 1.35, "cerro": "Pico Azul–La Escalera"}, "geometry": {"type": "Polygon", "coordinates": [[[-101.16604972802767, 19.563787298620984], [-101.16604248849258, 19.563245460362115], [-101.1657566819068, 19.56324889129599], [-101.16575306270633, 19.562977972102125], [-101.1651814503074, 19.5629848325115], [-101.16517783212059, 19.562713913206327], [-101.16489202630747, 19.562717342681843], [-101.16488840865757, 19.562446423316647], [-101.16460260326092, 19.562449852288974], [-101.16460622043412, 19.562720771705422], [-101.16432041450058, 19.562724200277067], [-101.16433126495141, 19.56353695862755], [-101.16461707231508, 19.563533529902173], [-101.16461345496121, 19.563262610512023], [-101.16489926178795, 19.563259181385938], [-101.16490287961852, 19.563530100724837], [-101.1657603011675, 19.56351981048109], [-101.16576392048846, 19.56379072965742], [-101.16604972802767, 19.563787298620984]]]}}, {"type": "Feature", "properties": {"_h": "2a6c8b80-7923-5b31-9280-35d63b20b98c", "clase": 1, "anio": 1994, "area_ha": 0.63, "cerro": "Pico Azul–La Escalera"}, "geometry": {"type": "Polygon", "coordinates": [[[-101.16573134876874, 19.561352456754832], [-101.16572411127152, 19.5608106182356], [-101.16515250649925, 19.560817477824674], [-101.16514888879426, 19.560546558449367], [-101.16457728473438, 19.560553416128382], [-101.1645809014861, 19.560824335606192], [-101.16486670402278, 19.56082090694138], [-101.16487032131137, 19.56109182635917], [-101.16515612426447, 19.56108839719121], [-101.16515974208991, 19.56135931654898], [-101.16573134876874, 19.561352456754832]]]}}, {"type": "Feature", "properties": {"_h": "ebc0ff66-12f7-5f5e-8bfa-1f8d1749734a", "clase": 1, "anio": 2023, "area_ha": 0.81, "cerro": "Pico Azul–La Escalera"}, "geometry": {"type": "Polygon", "coordinates": [[[-101.1622980920244, 19.56112266853547], [-101.16229086608693, 19.560580828769076], [-101.1614334581015, 19.560591101053234], [-101.16143706961023, 19.56086202109437], [-101.16115126635152, 19.560865444336486], [-101.16114765531941, 19.56059452424418], [-101.16086185247723, 19.56059794698324], [-101.16086907364827, 19.5611397872614], [-101.1622980920244, 19.56112266853547]]]}}, {"type": "Feature", "properties": {"_h": "99d8db25-2e06-536e-9b1f-87788143edec", "clase": 1, "anio": 1996, "area_ha": 0.9, "cerro": "Pico Azul–La Escalera"}, "geometry": {"type": "Polygon", "coordinates": [[[-101.16971446211441, 19.55994979481179], [-101.16971083696443, 19.55967887623123], [-101.16999663650951, 19.559675439637974], [-101.1699930109433, 19.559404521100017], [-101.17027880995143, 19.559401084106277], [-101.17027155804692, 19.55885924710682], [-101.16969996187665, 19.55886612043694], [-101.16970358684556, 19.559137039043815], [-101.16941778819331, 19.559140475082486], [-101.16942141274598, 19.55941139373195], [-101.1691356135568, 19.559414829370137], [-101.16914286189001, 19.559956666745475], [-101.16971446211441, 19.55994979481179]]]}}, {"type": "Feature", "properties": {"_h": "2fe0bdaf-953d-5daf-a757-c4c13a4ed8ff", "clase": 1, "anio": 1996, "area_ha": 0.63, "cerro": "Pico Azul–La Escalera"}, "geometry": {"type": "Polygon", "coordinates": [[[-101.17799172147546, 19.55903719737281], [-101.17798808268603, 19.55876628025847], [-101.17827387904771, 19.55876283071629], [-101.17827023984229, 19.558491913644747], [-101.17798444395717, 19.558495363135354], [-101.17797716668122, 19.55795352886281], [-101.1776913716886, 19.557956977798476], [-101.17770228626377, 19.55876972934882], [-101.17713069323753, 19.55877662617405], [-101.17713433059728, 19.559047543443057], [-101.17799172147546, 19.55903719737281]]]}}, {"type": "Feature", "properties": {"_h": "b4628658-bd47-5a38-8fab-ce47f8b62b53", "clase": 1, "anio": 1997, "area_ha": 0.99, "cerro": "Pico Azul–La Escalera"}, "geometry": {"type": "Polygon", "coordinates": [[[-101.1791276271341, 19.55848156246203], [-101.17911306519994, 19.55739789470708], [-101.17825568362655, 19.55740824527083], [-101.17826660069747, 19.558220996564426], [-101.17855239604546, 19.558217546673575], [-101.17855603566683, 19.55848846370232], [-101.1791276271341, 19.55848156246203]]]}}, {"type": "Feature", "properties": {"_h": "21b85ba5-2a0f-5d1c-b732-c2833ebd5309", "clase": 2, "anio": 2017, "area_ha": 0.63, "cerro": "Pico Azul–La Escalera"}, "geometry": {"type": "Polygon", "coordinates": [[[-101.14680722520784, 19.556972189716543], [-101.14680005265977, 19.55643034416077], [-101.14651425444737, 19.55643374349175], [-101.14651066873942, 19.556162820649906], [-101.14622487094384, 19.55616621947827], [-101.14622845617525, 19.55643714237093], [-101.14594265784345, 19.556440540798306], [-101.14594982753229, 19.55698238665898], [-101.14680722520784, 19.556972189716543]]]}}, {"type": "Feature", "properties": {"_h": "f8b0b12a-8e36-59b3-ace5-df7be53584a6", "clase": 1, "anio": 1995, "area_ha": 1.08, "cerro": "Pico Azul–La Escalera"}, "geometry": {"type": "Polygon", "coordinates": [[[-101.17110356207799, 19.556952505027798], [-101.17109268165312, 19.556139749741245], [-101.17080688854459, 19.556143187473744], [-101.17080326233356, 19.555872268975964], [-101.17051746964115, 19.555875706205313], [-101.17051384396697, 19.55560478764737], [-101.17022805169067, 19.55560822437357], [-101.17023167688836, 19.5558791429829], [-101.1699458840752, 19.55588257930873], [-101.16994950885677, 19.556153497960658], [-101.16966371550677, 19.556156933886097], [-101.16967096429795, 19.556698771266408], [-101.17024255284359, 19.55669189875827], [-101.17023530214641, 19.55615006158346], [-101.17052109537569, 19.556146624754483], [-101.1705247211706, 19.556417543294888], [-101.170810514816, 19.556414105962762], [-101.17081776753993, 19.55695594291449], [-101.17110356207799, 19.556952505027798]]]}}, {"type": "Feature", "properties": {"_h": "75b320dc-a326-5857-bd21-1ea1fa34adef", "clase": 1, "anio": 2000, "area_ha": 0.54, "cerro": "Pico Azul–La Escalera"}, "geometry": {"type": "Polygon", "coordinates": [[[-101.18195641981265, 19.55627969763144], [-101.18195277495829, 19.556008781151913], [-101.18223856570586, 19.556005325800875], [-101.18223127522627, 19.55546349291882], [-101.18165969557627, 19.555470402962523], [-101.18166333983282, 19.55574131951125], [-101.18137754944034, 19.555744773907143], [-101.18138119328108, 19.556015690498747], [-101.18166698415001, 19.556012236051203], [-101.18167062852791, 19.556283152582385], [-101.18195641981265, 19.55627969763144]]]}}, {"type": "Feature", "properties": {"_h": "0ea183b6-892e-582e-a365-ecc1aae9d772", "clase": 1, "anio": 0, "area_ha": 1.98, "cerro": "Pico Azul–La Escalera"}, "geometry": {"type": "Polygon", "coordinates": [[[-101.16968908733202, 19.55805336456375], [-101.16968546260449, 19.55778244592181], [-101.16997125881359, 19.55777900968815], [-101.1699676336699, 19.55750809108882], [-101.17025342934211, 19.55750465445473], [-101.17024617828274, 19.55696281733252], [-101.16996038356358, 19.556966253863855], [-101.16996400858656, 19.557237172480722], [-101.16967821333053, 19.557240608611643], [-101.16967096429795, 19.556698771266408], [-101.16938516993461, 19.556702206842797], [-101.16938154598535, 19.556431288105667], [-101.16852416396283, 19.556441591970124], [-101.16852054150341, 19.556170673070177], [-101.16823474785176, 19.556174106736776], [-101.16823112592914, 19.555903187776725], [-101.16794533269368, 19.555906620940224], [-101.16793808998231, 19.555364782891164], [-101.1676522976395, 19.555368215500252], [-101.16765591848856, 19.555639134580485], [-101.16737012560898, 19.555642566789142], [-101.16737374604185, 19.555913485911933], [-101.1676595393979, 19.555910053651957], [-101.16766316036754, 19.556180972714664], [-101.1679489541398, 19.556177539951598], [-101.16795257564623, 19.556448458954215], [-101.16823836983468, 19.55644502568806], [-101.16824199187792, 19.55671594463058], [-101.16909937551094, 19.55670564196742], [-101.16910299904401, 19.55697656074714], [-101.16938879394421, 19.55697312557117], [-101.16939604214443, 19.5575149630016], [-101.16911024629118, 19.557518398280287], [-101.16911387000528, 19.557789317033713], [-101.16939966633505, 19.557785881703666], [-101.16940329058602, 19.55805680039696], [-101.16968908733202, 19.55805336456375]]]}}, {"type": "Feature", "properties": {"_h": "aa7a40e4-a5b7-5906-bf6a-ed7de768b042", "clase": 1, "anio": 2017, "area_ha": 0.9, "cerro": "Pico Azul–La Escalera"}, "geometry": {"type": "Polygon", "coordinates": [[[-101.14823622013935, 19.556955185776225], [-101.14822904282593, 19.556413340728884], [-101.14851484067994, 19.556409938687114], [-101.14850766265246, 19.555868093706476], [-101.14822186575151, 19.555871495646524], [-101.14821827730393, 19.555600573092207], [-101.1479324808197, 19.555603974529614], [-101.14793606879078, 19.555874897134785], [-101.14765027177032, 19.55587829817126], [-101.14766103461244, 19.55669106608679], [-101.14794683306248, 19.556687664897765], [-101.14795042127254, 19.556958587467914], [-101.14823622013935, 19.556955185776225]]]}}, {"type": "Feature", "properties": {"_h": "d156efb0-d7d5-5411-a421-83abd131b3f9", "clase": 2, "anio": 2017, "area_ha": 1.53, "cerro": "Pico Azul–La Escalera"}, "geometry": {"type": "Polygon", "coordinates": [[[-101.14793606879078, 19.555874897134785], [-101.1479324808197, 19.555603974529614], [-101.14821827730393, 19.555600573092207], [-101.148211100588, 19.555058727957324], [-101.14849689605947, 19.55505532616987], [-101.14849330731465, 19.55478440364016], [-101.14820751231966, 19.55478780537675], [-101.14820392411107, 19.55451688278743], [-101.14791812953281, 19.554520284021407], [-101.14790736669492, 19.553707516048334], [-101.1476215734863, 19.55371091667802], [-101.14763592215046, 19.554794607494667], [-101.14677853644864, 19.55480480728335], [-101.14678212233456, 19.555075730118137], [-101.14706791810468, 19.5550723305895], [-101.1470715045268, 19.555343253364708], [-101.14735730071372, 19.555339853333475], [-101.14735371381512, 19.555068930609107], [-101.14763950946582, 19.555065530176943], [-101.14765027177032, 19.55587829817126], [-101.14793606879078, 19.555874897134785]]]}}, {"type": "Feature", "properties": {"_h": "f8989900-339a-54fe-8463-d9aec518d6bc", "clase": 1, "anio": 1998, "area_ha": 1.8, "cerro": "Pico Azul–La Escalera"}, "geometry": {"type": "Polygon", "coordinates": [[[-101.15506657569026, 19.554706039014498], [-101.15505577693844, 19.553893274887937], [-101.15534156906769, 19.553889862462363], [-101.15533076942602, 19.553077098410064], [-101.15475918796618, 19.553083922503347], [-101.15476278683394, 19.553354843964915], [-101.15447699553769, 19.55335825538501], [-101.15448059398895, 19.553629176888826], [-101.15419480215635, 19.55363258790821], [-101.15418760626662, 19.553090744789806], [-101.15390181532698, 19.55309415525547], [-101.15391260782214, 19.55390692007293], [-101.15419840019109, 19.553903509454273], [-101.1542055964403, 19.554445352520144], [-101.15449138970226, 19.554441941347747], [-101.15449498839321, 19.554712862816537], [-101.15506657569026, 19.554706039014498]]]}}, {"type": "Feature", "properties": {"_h": "407cda57-0f07-5077-a4f3-2cdd9473fd67", "clase": 1, "anio": 2018, "area_ha": 0.54, "cerro": "Pico Azul–La Escalera"}, "geometry": {"type": "Polygon", "coordinates": [[[-101.1419092743281, 19.55404975814049], [-101.14190569678082, 19.55377883440765], [-101.1416199023195, 19.553782225550904], [-101.14161274835656, 19.553240377957554], [-101.14132695478858, 19.553243768547663], [-101.14133053126382, 19.55351469239941], [-101.14104473715983, 19.553518082588486], [-101.14105188933607, 19.554059930367124], [-101.1419092743281, 19.55404975814049]]]}}, {"type": "Feature", "properties": {"_h": "aa924cc1-d346-5c06-b4a6-33d9163c81ca", "clase": 1, "anio": 2017, "area_ha": 0.81, "cerro": "Pico Azul–La Escalera"}, "geometry": {"type": "Polygon", "coordinates": [[[-101.14734654019708, 19.554527085134115], [-101.14734295347765, 19.554256162383485], [-101.14762874769892, 19.554252762103843], [-101.1476215734863, 19.55371091667802], [-101.14790736669492, 19.553707516048334], [-101.14790377920178, 19.55343659337314], [-101.1476179864696, 19.55343999395198], [-101.14761439951263, 19.55316907121718], [-101.14675702238708, 19.553179270090833], [-101.14676060791473, 19.553450192978136], [-101.1473321936777, 19.55344339407909], [-101.14733936681795, 19.553985239624105], [-101.14705357301342, 19.553988639401158], [-101.14706074543963, 19.55453048501284], [-101.14734654019708, 19.554527085134115]]]}}, {"type": "Feature", "properties": {"_h": "d96d6300-9253-51e2-9304-fcb1508ff455", "clase": 1, "anio": 2019, "area_ha": 1.71, "cerro": "Pico Azul–La Escalera"}, "geometry": {"type": "Polygon", "coordinates": [[[-101.15077248018872, 19.554215329212813], [-101.15076888781151, 19.55394440706398], [-101.15105468083901, 19.553941001414366], [-101.15105108804518, 19.5536700793077], [-101.15076529549411, 19.553673484906398], [-101.15076170323655, 19.553402562740057], [-101.15104749531115, 19.553399157192285], [-101.15104390263697, 19.553128235068108], [-101.15161548565383, 19.55312142271927], [-101.15161907928088, 19.553392344741578], [-101.15190487117597, 19.553388937838648], [-101.1519012770725, 19.55311801586728], [-101.15218706843133, 19.553114608563583], [-101.15218347391128, 19.552843686634414], [-101.15075451890085, 19.552860718381112], [-101.1507581110388, 19.553131640564963], [-101.1499007358854, 19.553141854345235], [-101.14989714517674, 19.55287093200866], [-101.14961135381576, 19.552874335647765], [-101.14961853434002, 19.55341618041395], [-101.14990432665385, 19.55341277667306], [-101.14990791748211, 19.553683698992124], [-101.15019371021259, 19.553680294748613], [-101.15019730157708, 19.55395121700802], [-101.15048309472421, 19.553947812261868], [-101.15048668662496, 19.554218734461617], [-101.15077248018872, 19.554215329212813]]]}}, {"type": "Feature", "properties": {"_h": "be940ca0-6ed8-5a3e-b79a-87cfb092c72d", "clase": 2, "anio": 2016, "area_ha": 1.89, "cerro": "Pico Azul–La Escalera"}, "geometry": {"type": "Polygon", "coordinates": [[[-101.14706074543963, 19.55453048501284], [-101.14705357301342, 19.553988639401158], [-101.14733936681795, 19.553985239624105], [-101.1473321936777, 19.55344339407909], [-101.14676060791473, 19.553450192978136], [-101.14675702238708, 19.553179270090833], [-101.14647122989246, 19.553182668811946], [-101.14646405996912, 19.552640822909446], [-101.14617826836766, 19.552644221077212], [-101.14618185282306, 19.552915144083656], [-101.14589606068549, 19.552918541850524], [-101.14590322882249, 19.553460387938763], [-101.14561743567236, 19.55346378535552], [-101.1456246030952, 19.554005631510357], [-101.14648198522522, 19.553995437600054], [-101.14648557045554, 19.554266360511924], [-101.14677136485595, 19.554262961587522], [-101.14677495062244, 19.554533884439813], [-101.14706074543963, 19.55453048501284]]]}}, {"type": "Feature", "properties": {"_h": "b6d8f9bc-5d22-5d78-9c1c-f26e5daecf70", "clase": 1, "anio": 1992, "area_ha": 1.53, "cerro": "Pico Azul–La Escalera"}, "geometry": {"type": "Polygon", "coordinates": [[[-101.17476802819293, 19.553114922072194], [-101.17476076382052, 19.552573086315284], [-101.17447497769128, 19.552576529251418], [-101.17447134607217, 19.552305611308327], [-101.17389977458501, 19.55231249572262], [-101.17389614397914, 19.552041577667822], [-101.17332457320288, 19.55204846017253], [-101.17332820285601, 19.55231937833025], [-101.17304241690084, 19.55232281895656], [-101.17305330479377, 19.553135573531467], [-101.17362487950199, 19.553128691518463], [-101.17362124919111, 19.5528577734385], [-101.17390703597816, 19.55285433180593], [-101.17391066676542, 19.553125249834427], [-101.1741964539684, 19.5531218076987], [-101.17419282270473, 19.55285088972167], [-101.17447860937084, 19.55284744718574], [-101.1744822411109, 19.553118365111295], [-101.17476802819293, 19.553114922072194]]]}}, {"type": "Feature", "properties": {"_h": "846aa212-13e0-5a84-82cf-890a4f1bb6f5", "clase": 1, "anio": 2017, "area_ha": 1.44, "cerro": "Pico Azul–La Escalera"}, "geometry": {"type": "Polygon", "coordinates": [[[-101.14875756817712, 19.553155466394934], [-101.14875039063097, 19.552613621305944], [-101.14932197269898, 19.55260681638804], [-101.149325562395, 19.552877738835157], [-101.14961135381576, 19.552874335647765], [-101.14960417353065, 19.552332490846556], [-101.14931838306272, 19.55233589393217], [-101.14931479348625, 19.552064971467555], [-101.14902900343495, 19.552068374050588], [-101.14902541439464, 19.55179745152634], [-101.14873962475997, 19.551800853606817], [-101.14874680194754, 19.55234269874832], [-101.1484610113003, 19.552346100478854], [-101.14845742315305, 19.552075177861607], [-101.14817163292246, 19.55207857908958], [-101.14817522059332, 19.55234950175769], [-101.14788942982658, 19.55235290258483], [-101.14790019176837, 19.553165670689197], [-101.14875756817712, 19.553155466394934]], [[-101.1484681877741, 19.552887945687086], [-101.14818239611428, 19.552891347067643], [-101.14817880832392, 19.55262042441704], [-101.14846459950732, 19.552617023087343], [-101.1484681877741, 19.552887945687086]]]}}, {"type": "Feature", "properties": {"_h": "c8136676-4aa6-5d17-adb2-5d9d302c89a2", "clase": 2, "anio": 2017, "area_ha": 0.63, "cerro": "Pico Azul–La Escalera"}, "geometry": {"type": "Polygon", "coordinates": [[[-101.14817522059332, 19.55234950175769], [-101.14816804531134, 19.55180765641273], [-101.14788225549741, 19.551811057138163], [-101.14787866842242, 19.551540134401698], [-101.14673551047497, 19.551553732583237], [-101.14673909564438, 19.551824655523053], [-101.14759646562374, 19.55181445741191], [-101.14760005228206, 19.552085380190462], [-101.14788584263212, 19.55208197986587], [-101.14788942982658, 19.55235290258483], [-101.14817522059332, 19.55234950175769]]]}}, {"type": "Feature", "properties": {"_h": "08e43a4c-acab-54c5-913f-a57b4153666d", "clase": 1, "anio": 2017, "area_ha": 1.35, "cerro": "Pico Azul–La Escalera"}, "geometry": {"type": "Polygon", "coordinates": [[[-101.14590322882249, 19.553460387938763], [-101.14589606068549, 19.552918541850524], [-101.14618185282306, 19.552915144083656], [-101.14617826836766, 19.552644221077212], [-101.14646405996912, 19.552640822909446], [-101.146460475097, 19.552369899945067], [-101.14674626616234, 19.55236650137642], [-101.14674268087352, 19.552095578454107], [-101.14645689028457, 19.552098976971937], [-101.14645330553185, 19.55182805399006], [-101.14616751535962, 19.551831452005388], [-101.14616393114298, 19.55156052896394], [-101.14587814138744, 19.551563926476774], [-101.1458817251277, 19.55183484956903], [-101.1455959348361, 19.55183824668098], [-101.14561743567236, 19.55346378535552], [-101.14590322882249, 19.553460387938763]]]}}, {"type": "Feature", "properties": {"_h": "0801af4e-5d20-50de-b62d-acdbacd4da0a", "clase": 1, "anio": 2018, "area_ha": 0.63, "cerro": "Pico Azul–La Escalera"}, "geometry": {"type": "Polygon", "coordinates": [[[-101.14159486449158, 19.551885758821072], [-101.14159128789727, 19.55161483496753], [-101.14187707854717, 19.551611444229927], [-101.14187350153604, 19.551340520418343], [-101.14130192112944, 19.551347301340456], [-101.14129834513064, 19.551076377418713], [-101.14044097550328, 19.551086545262233], [-101.14044455007293, 19.551357469336033], [-101.14101613083682, 19.55135069112399], [-101.14101970641877, 19.551621615087676], [-101.1413054971878, 19.551618225253446], [-101.1413090733057, 19.551889149157688], [-101.14159486449158, 19.551885758821072]]]}}, {"type": "Feature", "properties": {"_h": "fcad1c80-b217-5a5a-96bc-c38e74d6eea7", "clase": 1, "anio": 1992, "area_ha": 0.54, "cerro": "Pico Azul–La Escalera"}, "geometry": {"type": "Polygon", "coordinates": [[[-101.17587120390222, 19.5501210505679], [-101.17586393704998, 19.54957921503008], [-101.17614971763705, 19.549575770402264], [-101.1761460838254, 19.549304852671717], [-101.1752887433116, 19.549315185045856], [-101.17529600813762, 19.549857020807227], [-101.17558178932198, 19.549853577031104], [-101.17558542230205, 19.550124494847136], [-101.17587120390222, 19.5501210505679]]]}}, {"type": "Feature", "properties": {"_h": "e2135a9f-4720-50b6-adbd-a62c58145887", "clase": 1, "anio": 2016, "area_ha": 9.63, "cerro": "Pico Azul–La Escalera"}, "geometry": {"type": "Polygon", "coordinates": [[[-101.15160470513173, 19.552308656599816], [-101.15160111174404, 19.552037734542488], [-101.15188690125707, 19.552034327894265], [-101.15188330745285, 19.55176340587913], [-101.15216909642963, 19.55175999883018], [-101.15216550220886, 19.551489076857234], [-101.1527370790301, 19.551482261506212], [-101.15274426943704, 19.55202410523951], [-101.15331584792435, 19.55201728787792], [-101.15330505954545, 19.55120452257067], [-101.15444821008478, 19.55119088303921], [-101.15444461217281, 19.550919961456586], [-101.15358725078725, 19.550930191629682], [-101.15358365436425, 19.550659269885312], [-101.15329786759229, 19.55066267898872], [-101.15329067587867, 19.550120835371754], [-101.15300488999952, 19.550124243921566], [-101.15300848535004, 19.550395165785403], [-101.15272269893467, 19.550398573934544], [-101.15272629386872, 19.55066949584059], [-101.15244050691713, 19.550672903589053], [-101.15243331806158, 19.550131059666278], [-101.15157595970575, 19.550141279896074], [-101.15157236679677, 19.549870357768718], [-101.15185815249889, 19.549866951528028], [-101.15185455917343, 19.549596029442856], [-101.151282988662, 19.549602841370724], [-101.15128658103481, 19.549873763557773], [-101.15042922338999, 19.549883978215156], [-101.15043281439362, 19.55015490054621], [-101.14900388140794, 19.550171916197], [-101.1490110588311, 19.55071376134179], [-101.1492968465005, 19.550710359013152], [-101.1493004357781, 19.550981281521537], [-101.1487288594268, 19.55098808582891], [-101.14873244781141, 19.551259008430296], [-101.14844665906975, 19.551262409957364], [-101.14845024703776, 19.55153333260087], [-101.14816445775998, 19.551536733727122], [-101.14816804531134, 19.55180765641273], [-101.14873962475997, 19.551800853606817], [-101.14873603625581, 19.55152993102294], [-101.14902182541411, 19.55152652899333], [-101.14902541439464, 19.55179745152634], [-101.14931120396955, 19.55179404899418], [-101.14931479348625, 19.552064971467555], [-101.14960058347778, 19.552061568432823], [-101.14959699348468, 19.551790646010335], [-101.14988278294003, 19.551787242574814], [-101.14988637340952, 19.552058164946402], [-101.15017216328147, 19.5520547610083], [-101.15017575428715, 19.552325683320234], [-101.15160470513173, 19.552308656599816]], [[-101.15302286735093, 19.551478853153192], [-101.1527370790301, 19.551482261506212], [-101.15273348391645, 19.55121133962643], [-101.15301927176088, 19.551207931324377], [-101.15302286735093, 19.551478853153192]], [[-101.15186893283438, 19.550679717731025], [-101.1510115712614, 19.550689935556605], [-101.15100797918545, 19.55041901334489], [-101.15072219235117, 19.550422418332523], [-101.15071860081139, 19.550151496061133], [-101.15157595970575, 19.550141279896074], [-101.15157955267458, 19.550412202014684], [-101.15186533932938, 19.550408795672116], [-101.15186893283438, 19.550679717731025]], [[-101.1504399965803, 19.550696745182066], [-101.15015420915005, 19.550700149317315], [-101.15015061850316, 19.55042922695286], [-101.15043640545707, 19.55042582286851], [-101.1504399965803, 19.550696745182066]]]}}, {"type": "Feature", "properties": {"_h": "9cce4607-4a7d-5a03-9b2f-4b779efbade8", "clase": 1, "anio": 1996, "area_ha": 4.68, "cerro": "Pico Azul–La Escalera"}, "geometry": {"type": "Polygon", "coordinates": [[[-101.19217895878147, 19.551278554108777], [-101.19217529787167, 19.551007639335257], [-101.19246107785426, 19.551004168655737], [-101.19245741652912, 19.550733253925348], [-101.19274319597446, 19.550729782846126], [-101.19273953423398, 19.550458868158852], [-101.19302531314203, 19.550455396679943], [-101.1930106648848, 19.549371738050752], [-101.1927248878819, 19.549375209322015], [-101.1927175650717, 19.548833379850926], [-101.19214601278799, 19.548840320831122], [-101.19214967321007, 19.54911123567486], [-101.19072078905278, 19.549128580482456], [-101.19072810531718, 19.549670410662387], [-101.19101388322305, 19.549666942500274], [-101.1910175419229, 19.54993785752521], [-101.19073176354075, 19.549941325739194], [-101.19073908017069, 19.550483155866463], [-101.19102485950543, 19.55047968754875], [-101.19102851838808, 19.55075060254736], [-101.1913142981382, 19.550747133726173], [-101.1913179575581, 19.551018048664126], [-101.19160373772357, 19.551014579339448], [-101.19160739768073, 19.551285494216746], [-101.19217895878147, 19.551278554108777]]]}}, {"type": "Feature", "properties": {"_h": "6bd5d95e-245d-524d-b702-63227e6f4a01", "clase": 1, "anio": 1992, "area_ha": 1.26, "cerro": "Pico Azul–La Escalera"}, "geometry": {"type": "Polygon", "coordinates": [[[-101.17758952860696, 19.550371292855264], [-101.17758225591801, 19.54982945795337], [-101.17729647515733, 19.5498329048907], [-101.17728556800697, 19.54902015231744], [-101.1767140091617, 19.549027044528085], [-101.17671764386539, 19.54929796216435], [-101.17643186387565, 19.549301407643828], [-101.1764464013905, 19.55038507830732], [-101.17673218328544, 19.55038163262173], [-101.17672854833961, 19.55011071502054], [-101.17730011099523, 19.550103822397585], [-101.17730374689367, 19.550374739895698], [-101.17758952860696, 19.550371292855264]]]}}, {"type": "Feature", "properties": {"_h": "40748654-4fb2-5d33-ab0f-3876cde5e60b", "clase": 1, "anio": 2009, "area_ha": 0.9, "cerro": "Pico Azul–La Escalera"}, "geometry": {"type": "Polygon", "coordinates": [[[-101.13471090473251, 19.550070526569108], [-101.13470377530187, 19.54952867630104], [-101.1344179869763, 19.549532055342098], [-101.13441085873579, 19.548990204938], [-101.13383928381194, 19.548996961463093], [-101.13384641014709, 19.549538812069297], [-101.13356062164347, 19.54954218975543], [-101.13356418442372, 19.549813115095937], [-101.13384997340368, 19.54980973735929], [-101.13385353671963, 19.550080662640532], [-101.13413932611661, 19.550077284401713], [-101.1341357623243, 19.54980635917099], [-101.1344215511856, 19.549802980531044], [-101.13442511545423, 19.550073905711233], [-101.13471090473251, 19.550070526569108]]]}}, {"type": "Feature", "properties": {"_h": "469cde4d-b46a-5060-bd36-bc2a789066de", "clase": 1, "anio": 2009, "area_ha": 2.88, "cerro": "Pico Azul–La Escalera"}, "geometry": {"type": "Polygon", "coordinates": [[[-101.13186724979816, 19.551188000117293], [-101.13185656932025, 19.550375223291855], [-101.13214235960885, 19.550371848164154], [-101.13213523863396, 19.549829997004434], [-101.1332783953844, 19.549816492380934], [-101.13326770865069, 19.549003716181673], [-101.13298192098108, 19.549007092863523], [-101.13298904445821, 19.54954894377277], [-101.13270325577662, 19.549552320103974], [-101.13269969448473, 19.549281394603227], [-101.13212811789627, 19.54928814580974], [-101.13213167823547, 19.54955907141145], [-101.13156010045714, 19.549565820912353], [-101.13156365990292, 19.549836746606275], [-101.13099208093477, 19.54984349440151], [-101.13098852244168, 19.54957256860667], [-101.13127431147905, 19.549569194985335], [-101.13127075256888, 19.549298269232224], [-101.13041338670804, 19.549308388589946], [-101.13042050172956, 19.549850240390132], [-101.1307062913618, 19.54984686762165], [-101.13070984943779, 19.55011779345819], [-101.13099563948713, 19.550114420187604], [-101.13099919809875, 19.55038534596495], [-101.13071340757304, 19.550388719285984], [-101.13071696576756, 19.550659645105043], [-101.13100275676965, 19.55065627173356], [-101.13100631549979, 19.550927197493422], [-101.13157789827893, 19.550920449294527], [-101.13158145802113, 19.551191374944732], [-101.13186724979816, 19.551188000117293]]]}}, {"type": "Feature", "properties": {"_h": "4c7436e1-f80e-54b0-a921-921739504720", "clase": 1, "anio": 1996, "area_ha": 0.9, "cerro": "Pico Azul–La Escalera"}, "geometry": {"type": "Polygon", "coordinates": [[[-101.12298640536311, 19.549666846634267], [-101.1229828602671, 19.54939591942072], [-101.12326865048452, 19.5493925584959], [-101.12326155951696, 19.548850704143117], [-101.12297577025224, 19.548854064967415], [-101.12297222533336, 19.548583137727658], [-101.12240064757947, 19.54858985792083], [-101.1224077355709, 19.549131712592626], [-101.12212194565274, 19.549135072112254], [-101.12212548926063, 19.549405999485295], [-101.12269706999065, 19.549399279893898], [-101.12270061461028, 19.549670207157703], [-101.12298640536311, 19.549666846634267]]]}}, {"type": "Feature", "properties": {"_h": "d8e4a06e-ab61-52c9-89e9-654a9708167d", "clase": 1, "anio": 1993, "area_ha": 1.35, "cerro": "Pico Azul–La Escalera"}, "geometry": {"type": "Polygon", "coordinates": [[[-101.11527356663213, 19.550028350793347], [-101.11526650210492, 19.54948649366578], [-101.11555229391368, 19.54948314493566], [-101.11553463124346, 19.548128502214322], [-101.11496305233055, 19.54813519872211], [-101.11496658379427, 19.548406127384006], [-101.11468079377325, 19.548409475010523], [-101.11469138708827, 19.549222261094002], [-101.11497717853833, 19.549218913317272], [-101.11498777381178, 19.550031699171953], [-101.11527356663213, 19.550028350793347]]]}}, {"type": "Feature", "properties": {"_h": "08fc76c4-757d-546d-8bee-960e035a7fe8", "clase": 1, "anio": 2009, "area_ha": 0.81, "cerro": "Pico Azul–La Escalera"}, "geometry": {"type": "Polygon", "coordinates": [[[-101.1301204841374, 19.548769908869897], [-101.13011692731033, 19.548498982888773], [-101.13097428906197, 19.548488865339923], [-101.13096717272768, 19.547947013654102], [-101.13039560019108, 19.54795375893651], [-101.13039915737598, 19.548224684884683], [-101.13011337054249, 19.54822805689891], [-101.1301098138339, 19.547957130900308], [-101.12982402741748, 19.547960502412497], [-101.12983113994129, 19.54850235450181], [-101.12954535251302, 19.548505725663237], [-101.12954890838745, 19.548776651745204], [-101.1301204841374, 19.548769908869897]]]}}, {"type": "Feature", "properties": {"_h": "77161d0f-4682-5be2-9b65-f508e74ace8d", "clase": 1, "anio": 1996, "area_ha": 0.63, "cerro": "Pico Azul–La Escalera"}, "geometry": {"type": "Polygon", "coordinates": [[[-101.19184925708288, 19.548031045904334], [-101.19184559738085, 19.5477601309736], [-101.19241714597662, 19.54775319131168], [-101.19240616437902, 19.546940446778187], [-101.19212039154023, 19.54694391667921], [-101.19212771159192, 19.547485746480785], [-101.1912703898526, 19.54749615378611], [-101.19127404854126, 19.547767068829383], [-101.19155982299152, 19.547763600127258], [-101.19156348221733, 19.54803451510988], [-101.19184925708288, 19.548031045904334]]]}}, {"type": "Feature", "properties": {"_h": "e8c42914-34e9-5bba-8a57-cc04c60075e7", "clase": 1, "anio": 1995, "area_ha": 0.72, "cerro": "Pico Azul–La Escalera"}, "geometry": {"type": "Polygon", "coordinates": [[[-101.18698742447943, 19.54781904517703], [-101.18698012144954, 19.547277213526975], [-101.18755167021077, 19.547270289424397], [-101.18754436551934, 19.546728457946376], [-101.18697281866292, 19.546735381841835], [-101.18697647002583, 19.547006297688796], [-101.18640492197375, 19.54701321988174], [-101.18640857244505, 19.547284135823457], [-101.1866943469777, 19.547280674900982], [-101.18670164905514, 19.547822506654573], [-101.18698742447943, 19.54781904517703]]]}}, {"type": "Feature", "properties": {"_h": "ad0a0cd6-cf61-5843-8e44-e19082dc5341", "clase": 1, "anio": 2019, "area_ha": 0.54, "cerro": "Pico Azul–La Escalera"}, "geometry": {"type": "Polygon", "coordinates": [[[-101.12124332370992, 19.54751958263542], [-101.12123624023711, 19.54697772745692], [-101.12152202652177, 19.54697436969402], [-101.12151848439758, 19.546703442141894], [-101.12066112679544, 19.54671351392517], [-101.12066820824514, 19.54725536932199], [-101.12095399512407, 19.547252012412063], [-101.12095753641367, 19.547522940047166], [-101.12124332370992, 19.54751958263542]]]}}, {"type": "Feature", "properties": {"_h": "fb7b8099-277d-579b-b9b7-be38be091b80", "clase": 1, "anio": 2009, "area_ha": 11.97, "cerro": "Pico Azul–La Escalera"}, "geometry": {"type": "Polygon", "coordinates": [[[-101.13641850400828, 19.549508392570242], [-101.13641493652398, 19.54923746772645], [-101.13670072395747, 19.549234085574493], [-101.13669715605627, 19.548963160772537], [-101.13612558208253, 19.54896992452366], [-101.13611844836365, 19.5484280746912], [-101.13583266224029, 19.548431455788187], [-101.13582552971164, 19.547889605819613], [-101.13611131488238, 19.547886224823763], [-101.1361148815933, 19.548157149761856], [-101.13640066718095, 19.54815376826383], [-101.13640423442759, 19.548424693142604], [-101.13726159226292, 19.54841454578714], [-101.1372651609979, 19.548685470505404], [-101.13755094730045, 19.548682087099756], [-101.1375545165712, 19.54895301175867], [-101.1384118765511, 19.548942858680192], [-101.13841544731028, 19.549213783178512], [-101.13870123432764, 19.549210397865146], [-101.13869766309216, 19.54893947341746], [-101.13898344957373, 19.548936087703098], [-101.13897630632854, 19.548394238882743], [-101.139262091798, 19.548390852818052], [-101.13925494783818, 19.547849004064002], [-101.13954073229554, 19.547845617648996], [-101.1395371599286, 19.547574693309503], [-101.1392513759475, 19.547578079673862], [-101.13924780411631, 19.547307155274975], [-101.13839045324497, 19.54731731150661], [-101.13838331261867, 19.546775462378786], [-101.13809752982847, 19.546778846784928], [-101.13809396008077, 19.546507922157282], [-101.13780817770737, 19.54651130606124], [-101.13780460849537, 19.54624038137423], [-101.13723304452272, 19.54624714772625], [-101.13723661278222, 19.546518072514466], [-101.1369508302305, 19.546521455063733], [-101.13694726244724, 19.546250530224917], [-101.13551835117863, 19.54626743594493], [-101.13552191658064, 19.546538361036614], [-101.13523613367248, 19.546541740876492], [-101.13523969865761, 19.546812666009988], [-101.13466813171064, 19.546819424436134], [-101.13466456767802, 19.54654849920156], [-101.13380721824115, 19.5465586333024], [-101.13380365569665, 19.546287707907503], [-101.13351787290858, 19.546291084987462], [-101.13352143497683, 19.54656201043288], [-101.13323565165318, 19.54656538711179], [-101.1332392133045, 19.546836312598973], [-101.13352499710442, 19.54683293586955], [-101.13352855929132, 19.54710386129748], [-101.13381434350816, 19.547100484065975], [-101.13381790623068, 19.54737140943465], [-101.13410369086446, 19.54736803170104], [-101.13410012766568, 19.547097106382886], [-101.13552904756281, 19.547080211193737], [-101.13553617878254, 19.547622061315895], [-101.13496460909667, 19.5476288209485], [-101.13496817384303, 19.547899746097563], [-101.13525395919196, 19.547896366456513], [-101.135257524474, 19.54816729154629], [-101.13497173864879, 19.548170671237894], [-101.13497886843837, 19.5487125214923], [-101.1352646552162, 19.548709141699607], [-101.13527178619596, 19.54925099181795], [-101.13555757386706, 19.549247611472524], [-101.13556113992233, 19.549518536468018], [-101.13641850400828, 19.549508392570242]]]}}, {"type": "Feature", "properties": {"_h": "2ea35b35-a17f-5fdd-9d48-50a223500d7f", "clase": 1, "anio": 2009, "area_ha": 1.08, "cerro": "Pico Azul–La Escalera"}, "geometry": {"type": "Polygon", "coordinates": [[[-101.13209963731727, 19.547120740681276], [-101.13208895807848, 19.546307963613867], [-101.13180317493455, 19.54631133798446], [-101.13179961578312, 19.546040412227367], [-101.13151383305616, 19.54604378609593], [-101.13151739173134, 19.546314711903484], [-101.13094582514711, 19.54632145838685], [-101.13095294077026, 19.546863310177564], [-101.13123872504453, 19.54685993706076], [-101.13124228342127, 19.54713086289255], [-101.13209963731727, 19.547120740681276]]]}}, {"type": "Feature", "properties": {"_h": "ce22dea5-5944-534f-b511-4ec4f233fa09", "clase": 1, "anio": 0, "area_ha": 1.17, "cerro": "Pico Azul–La Escalera"}, "geometry": {"type": "Polygon", "coordinates": [[[-101.1169529734552, 19.547298968055323], [-101.11694590438903, 19.546757111354285], [-101.11780326428959, 19.546747057182944], [-101.11779972841597, 19.546476128969715], [-101.11808551445544, 19.546472776726223], [-101.11808197816443, 19.5462018485544], [-101.11779619260125, 19.546205200747735], [-101.11779265684541, 19.545934272517044], [-101.11750687169958, 19.545937624208673], [-101.11751040697914, 19.54620855248951], [-101.11722462129818, 19.546211903779707], [-101.11722815616035, 19.54648283210193], [-101.11694236994424, 19.546486182990662], [-101.1169317669631, 19.545673397847416], [-101.1166459821169, 19.545676748134223], [-101.11666718575134, 19.547302318642817], [-101.1169529734552, 19.547298968055323]]]}}, {"type": "Feature", "properties": {"_h": "f7167a28-e3b4-5f53-8519-398300840427", "clase": 1, "anio": 2014, "area_ha": 0.63, "cerro": "Pico Azul–La Escalera"}, "geometry": {"type": "Polygon", "coordinates": [[[-101.18352530508655, 19.54542230481714], [-101.18351801457894, 19.544880471767627], [-101.18323224366354, 19.54488392725809], [-101.18322859897695, 19.544613010668492], [-101.182942828477, 19.544616465655803], [-101.18294647268746, 19.544887382297084], [-101.18266070165066, 19.544890836884605], [-101.18266798930136, 19.5454326702442], [-101.18352530508655, 19.54542230481714]]]}}, {"type": "Feature", "properties": {"_h": "b995ae5c-c4d8-5120-a5a5-fff539153d10", "clase": 1, "anio": 1995, "area_ha": 0.81, "cerro": "Pico Azul–La Escalera"}, "geometry": {"type": "Polygon", "coordinates": [[[-101.12665196711554, 19.545830146099654], [-101.12664841665493, 19.545559219417736], [-101.126934199436, 19.54555585332641], [-101.12693064855829, 19.545284926686104], [-101.12750221299049, 19.54527819324953], [-101.12749510950765, 19.544736340144144], [-101.12692354698031, 19.544743073379284], [-101.12692709773972, 19.54501400003707], [-101.12635553402338, 19.545020731566783], [-101.12636618379909, 19.545833511789773], [-101.12665196711554, 19.545830146099654]]]}}, {"type": "Feature", "properties": {"_h": "36d57728-ccd4-5c6c-af87-54e836c7d465", "clase": 1, "anio": 2015, "area_ha": 1.35, "cerro": "Pico Azul–La Escalera"}, "geometry": {"type": "Polygon", "coordinates": [[[-101.13665077874784, 19.545441137551375], [-101.13664721167851, 19.545170212627006], [-101.13636143138909, 19.54517359402024], [-101.13635073196617, 19.54436081904293], [-101.13577917406636, 19.544367580171393], [-101.13577560866324, 19.54409665506033], [-101.13548983010043, 19.54410003489674], [-101.13548626523288, 19.54382910972638], [-101.13491470888148, 19.543835867943585], [-101.13492183677123, 19.54437771847776], [-101.13520761592898, 19.54437433949382], [-101.1352111804391, 19.54464526469725], [-101.13578273952886, 19.544638505273713], [-101.13578987063207, 19.545180355452132], [-101.13607565104027, 19.54517697496195], [-101.13607921715717, 19.545447899987483], [-101.13665077874784, 19.545441137551375]]]}}, {"type": "Feature", "properties": {"_h": "ef121ce4-d07c-50f8-8c71-4ac7941cd4f7", "clase": 1, "anio": 1993, "area_ha": 1.35, "cerro": "Pico Azul–La Escalera"}, "geometry": {"type": "Polygon", "coordinates": [[[-101.18037453117205, 19.544918457331764], [-101.18037089124691, 19.544647540225665], [-101.18065666229288, 19.54464408930155], [-101.1806457414528, 19.543831338085493], [-101.18093151100975, 19.543827886864783], [-101.18092787037487, 19.54355696982686], [-101.18064210129405, 19.543560420995938], [-101.18063846119593, 19.54328950389762], [-101.18035269253058, 19.543292954563643], [-101.18035633215258, 19.54356387171358], [-101.17978479368779, 19.54357077179454], [-101.17979934897309, 19.544654440719498], [-101.1800851201403, 19.54465099069832], [-101.18008875958931, 19.54492190785603], [-101.18037453117205, 19.544918457331764]]]}}, {"type": "Feature", "properties": {"_h": "9ad11346-544f-5f51-b5a6-bca724fbb6bc", "clase": 1, "anio": 2015, "area_ha": 0.54, "cerro": "Pico Azul–La Escalera"}, "geometry": {"type": "Polygon", "coordinates": [[[-101.13750098375164, 19.54488914095677], [-101.13749741537254, 19.544618216166686], [-101.1372116362138, 19.54462159881332], [-101.13720806837033, 19.54435067396389], [-101.13749384705287, 19.544347291367867], [-101.13748671059184, 19.543805441743988], [-101.13720093286166, 19.54380882423882], [-101.1372045005863, 19.544079749105727], [-101.1369187223205, 19.544083131199656], [-101.13692942442236, 19.544895905899704], [-101.13750098375164, 19.54488914095677]]]}}, {"type": "Feature", "properties": {"_h": "40d44da4-086b-5f88-af59-863f99219141", "clase": 1, "anio": 2002, "area_ha": 0.54, "cerro": "Pico Azul–La Escalera"}, "geometry": {"type": "Polygon", "coordinates": [[[-101.19207281714736, 19.543422022113337], [-101.19206915800535, 19.543151107085308], [-101.19264069029009, 19.54314416828494], [-101.19263703025688, 19.54287325335193], [-101.19206549892431, 19.5428801920485], [-101.1920618399042, 19.54260927700292], [-101.19177607462255, 19.542612745622197], [-101.1917797331666, 19.54288366071967], [-101.19149396734794, 19.542887128939427], [-101.19149762547683, 19.543158044080005], [-101.19178339177155, 19.543154575808366], [-101.19178705043748, 19.543425490888286], [-101.19207281714736, 19.543422022113337]]]}}, {"type": "Feature", "properties": {"_h": "a12b04cb-895b-573b-9068-f8e746530f53", "clase": 1, "anio": 2011, "area_ha": 0.9, "cerro": "Pico Azul–La Escalera"}, "geometry": {"type": "Polygon", "coordinates": [[[-101.18206366119504, 19.543001326947113], [-101.18206001883776, 19.542730410089447], [-101.18234578618699, 19.542726956818147], [-101.18234214341429, 19.542456040003366], [-101.18205637654113, 19.542459493223014], [-101.1820490921299, 19.541917659463838], [-101.18147756010583, 19.541924564342292], [-101.18148120132899, 19.542195481329564], [-101.1811954347499, 19.54219893314333], [-101.18119907555764, 19.542469850173468], [-101.18148484261279, 19.54246639830806], [-101.18149212536238, 19.54300823223876], [-101.18206366119504, 19.543001326947113]]]}}, {"type": "Feature", "properties": {"_h": "35d8ba2c-4786-5eb0-90d3-41d276de9577", "clase": 1, "anio": 1995, "area_ha": 1.44, "cerro": "Pico Azul–La Escalera"}, "geometry": {"type": "Polygon", "coordinates": [[[-101.12863112679648, 19.544181015518223], [-101.12862757335736, 19.543910089136475], [-101.12891335286696, 19.54390672018668], [-101.12890979901086, 19.543635793846587], [-101.12919557798507, 19.5436324244957], [-101.12919202371198, 19.543361498197275], [-101.12947780215084, 19.543358128445288], [-101.12947424746079, 19.543087202188527], [-101.1291884694981, 19.5430905718901], [-101.12918491534342, 19.542819645574195], [-101.12889913779769, 19.54282301477388], [-101.12889558417837, 19.542552088398832], [-101.12860980704959, 19.542555457096643], [-101.12861336019276, 19.542826383522083], [-101.12832758252864, 19.542829751818804], [-101.12833113525484, 19.543100678285896], [-101.12804535705538, 19.543104046181522], [-101.12805246173299, 19.543645899190263], [-101.12833824088479, 19.543642531193875], [-101.12834534675147, 19.54418438406689], [-101.12863112679648, 19.544181015518223]]]}}, {"type": "Feature", "properties": {"_h": "4cc5da83-d39c-5aa2-bcd1-cf5cfbc4b69c", "clase": 1, "anio": 1998, "area_ha": 2.79, "cerro": "Pico Azul–La Escalera"}, "geometry": {"type": "Polygon", "coordinates": [[[-101.1869290070515, 19.54348439099408], [-101.18692535647915, 19.54321347503308], [-101.18749689095584, 19.54320655248386], [-101.18749323949213, 19.542935636617646], [-101.1869217059676, 19.542942559063313], [-101.18691805551688, 19.54267164308477], [-101.1877753542842, 19.54266125889448], [-101.18776805070875, 19.54211942722176], [-101.18805381589074, 19.542115965025765], [-101.1880501637182, 19.54184504922804], [-101.18747863424551, 19.541851973065054], [-101.18747498308592, 19.54158105715498], [-101.18690345432204, 19.54158797908288], [-101.18689980417533, 19.541317063060472], [-101.18575674782214, 19.541330901292632], [-101.18576039606467, 19.541601817522057], [-101.18633192531493, 19.541594899205236], [-101.18633557457034, 19.54186581532239], [-101.18576404436797, 19.54187273374271], [-101.18576769273204, 19.542143649954593], [-101.18633922388652, 19.542136731430773], [-101.18635017219987, 19.542949479703303], [-101.18663593911413, 19.54294601960902], [-101.18664323924584, 19.54348785164332], [-101.1869290070515, 19.54348439099408]], [[-101.18748593674718, 19.542393804858893], [-101.18720017096747, 19.54239726620387], [-101.1871965201623, 19.54212635025956], [-101.18748228546593, 19.54212288896636], [-101.18748593674718, 19.542393804858893]]]}}, {"type": "Feature", "properties": {"_h": "b234e1bb-3061-52a7-8025-4ce8fc43168e", "clase": 1, "anio": 1997, "area_ha": 1.08, "cerro": "Pico Azul–La Escalera"}, "geometry": {"type": "Polygon", "coordinates": [[[-101.11547105780882, 19.543251786610014], [-101.11545693296732, 19.54216807164712], [-101.11517115401753, 19.542171419025063], [-101.11516762343037, 19.541900490212434], [-101.11459606630663, 19.541907183513757], [-101.11460312563517, 19.542449041330556], [-101.11488890517874, 19.542445694805505], [-101.11489596569483, 19.54298755248725], [-101.11461018519891, 19.542990899112432], [-101.11461371506898, 19.54326182799028], [-101.11547105780882, 19.543251786610014]]]}}, {"type": "Feature", "properties": {"_h": "39dd0415-baf7-56d7-8fd9-9587269414d5", "clase": 1, "anio": 1992, "area_ha": 3.33, "cerro": "Pico Azul–La Escalera"}, "geometry": {"type": "Polygon", "coordinates": [[[-101.19406585752125, 19.54285589871084], [-101.1940512084769, 19.541772239929482], [-101.19433697184255, 19.541768767854812], [-101.19434063448819, 19.54203968251137], [-101.19462639826887, 19.54203620993337], [-101.19459709500407, 19.53986889285077], [-101.19402557499794, 19.539875836724274], [-101.19402923674049, 19.5401467514942], [-101.19374347616994, 19.540150222805888], [-101.1937471374975, 19.54042113761897], [-101.1931756152214, 19.54042807899217], [-101.19317927565795, 19.540698993900325], [-101.19289351395244, 19.540702463961818], [-101.19289717397395, 19.54097337891312], [-101.19318293615547, 19.540969908799717], [-101.19318659671399, 19.541240823690327], [-101.19290083405642, 19.54124429385564], [-101.1929118146697, 19.542057038630574], [-101.19319757875537, 19.542053568309505], [-101.19319391801392, 19.54178265344522], [-101.19347968156256, 19.541779182724692], [-101.19348700405854, 19.542321012340643], [-101.1937727684983, 19.542317541064875], [-101.19378009219035, 19.542859370541876], [-101.19406585752125, 19.54285589871084]], [[-101.19404388432075, 19.541230410486158], [-101.19347235931056, 19.541237353073637], [-101.19346869827604, 19.54096643823495], [-101.19404022233418, 19.54095949575133], [-101.19404388432075, 19.541230410486158]], [[-101.19432598427176, 19.540956023832482], [-101.19404022233418, 19.54095949575133], [-101.19403289854405, 19.540417666255355], [-101.19431865952961, 19.540414194440384], [-101.19432598427176, 19.540956023832482]]]}}, {"type": "Feature", "properties": {"_h": "6e0311e1-4ae1-5c19-a59e-ec311bde7cfa", "clase": 1, "anio": 2011, "area_ha": 0.72, "cerro": "Pico Azul–La Escalera"}, "geometry": {"type": "Polygon", "coordinates": [[[-101.1426020875333, 19.54157708808196], [-101.14259851129763, 19.54130616409888], [-101.14288428361199, 19.541302773482254], [-101.14287355383418, 19.540490001632726], [-101.14258778294806, 19.540493392097176], [-101.14259135900501, 19.54076431610649], [-101.14230558758324, 19.54076770617025], [-101.14230916322369, 19.541038630221543], [-101.14202339126626, 19.541042019884603], [-101.14203054177368, 19.541583868062375], [-101.1426020875333, 19.54157708808196]]]}}, {"type": "Feature", "properties": {"_h": "584ad723-fba1-58db-a66b-caf7224eeb1a", "clase": 1, "anio": 2001, "area_ha": 1.44, "cerro": "Pico Azul–La Escalera"}, "geometry": {"type": "Polygon", "coordinates": [[[-101.15345062881454, 19.540635159189662], [-101.15344344057966, 19.540093315026922], [-101.15372920872002, 19.540089907460295], [-101.15371842538869, 19.5392771413035], [-101.15200382421712, 19.539297579015148], [-101.15200741574488, 19.53956850138195], [-101.15257895066021, 19.53956169051496], [-101.15258613579935, 19.540103535018517], [-101.15315767237942, 19.540096722142177], [-101.1531648596622, 19.540638566406862], [-101.15345062881454, 19.540635159189662]]]}}, {"type": "Feature", "properties": {"_h": "098536f2-cd97-56c4-a85d-01ef47d30ccf", "clase": 1, "anio": 1995, "area_ha": 4.05, "cerro": "Pico Azul–La Escalera"}, "geometry": {"type": "Polygon", "coordinates": [[[-101.11974007194549, 19.541846878790125], [-101.11973653379896, 19.54157595077082], [-101.12030808785079, 19.54156924131699], [-101.12030454881096, 19.54129831338934], [-101.12001877229063, 19.541301668291794], [-101.12001523378588, 19.541030740305214], [-101.12030100983007, 19.541027385452956], [-101.1202939320452, 19.54048552955399], [-101.12057970707822, 19.54048217435068], [-101.120572628577, 19.539940318517182], [-101.11942953189985, 19.53995373622031], [-101.11941892030303, 19.539140951802306], [-101.11884737446726, 19.539147657644353], [-101.11887212901966, 19.5410441551998], [-101.11801479982634, 19.541054211630545], [-101.11802187022911, 19.541596068297277], [-101.11887920227917, 19.54158601156562], [-101.1188827389973, 19.541856939735442], [-101.11916851670563, 19.541853586538465], [-101.11916497951137, 19.541582658418818], [-101.11945075668463, 19.54157930482055], [-101.11945429435502, 19.541850232890027], [-101.11974007194549, 19.541846878790125]]]}}, {"type": "Feature", "properties": {"_h": "ba227e85-e92d-5077-acd9-121fbc0543f5", "clase": 1, "anio": 0, "area_ha": 0.54, "cerro": "Pico Azul–La Escalera"}, "geometry": {"type": "Polygon", "coordinates": [[[-101.18658484500166, 19.5391531943865], [-101.18657389781356, 19.53834044590089], [-101.18571662116528, 19.538350822190132], [-101.18572026873933, 19.538621738516028], [-101.18629178751753, 19.53861482133767], [-101.18629543610427, 19.5388857375513], [-101.18600967626959, 19.538889196417887], [-101.18601332444115, 19.53916011267449], [-101.18658484500166, 19.5391531943865]]]}}, {"type": "Feature", "properties": {"_h": "e5a4db45-9eb1-58af-93b1-20340e2839e9", "clase": 1, "anio": 2001, "area_ha": 4.23, "cerro": "Pico Azul–La Escalera"}, "geometry": {"type": "Polygon", "coordinates": [[[-101.19203256993757, 19.540441956322375], [-101.19202891146598, 19.540171041197826], [-101.19174315046864, 19.54017450935012], [-101.19173949253401, 19.53990359416491], [-101.19202525305538, 19.539900126064506], [-101.19201062002236, 19.53881646544347], [-101.1917248614049, 19.53881993333633], [-101.19171388869786, 19.538007187622775], [-101.1914281314473, 19.538010654908696], [-101.1914244744761, 19.53773973960142], [-101.19085296074407, 19.537746672715635], [-101.19086027284366, 19.538288503528882], [-101.19057451493441, 19.53829196951278], [-101.19056720378669, 19.537750138595822], [-101.1902814467684, 19.53775360402471], [-101.1902960674037, 19.538837266030967], [-101.19001030842072, 19.538840731215963], [-101.1900212731087, 19.539653477784082], [-101.19030703351957, 19.539650012443552], [-101.19031068901333, 19.539920927896873], [-101.19059644983929, 19.539917462053154], [-101.19060010586993, 19.540188377445848], [-101.190885867111, 19.54018491109893], [-101.19088221060436, 19.5399139957581], [-101.1911679713085, 19.539910529011706], [-101.19117528533471, 19.54045235958086], [-101.19203256993757, 19.540441956322375]], [[-101.19087855415862, 19.539643080408496], [-101.19030703351957, 19.539650012443552], [-101.19029972271474, 19.539108181510603], [-101.19058548211278, 19.539104715822447], [-101.19058913796071, 19.539375631241455], [-101.19087489777381, 19.539372165050118], [-101.19087855415862, 19.539643080408496]]]}}, {"type": "Feature", "properties": {"_h": "0090f613-c7cc-561b-b2c6-1d97ebc9bd84", "clase": 1, "anio": 1995, "area_ha": 1.89, "cerro": "Pico Azul–La Escalera"}, "geometry": {"type": "Polygon", "coordinates": [[[-101.13058179603073, 19.54036445783625], [-101.13056401690801, 19.539009826993], [-101.13027824632371, 19.53901319774398], [-101.13027469115293, 19.538742271498688], [-101.12998892098545, 19.538745641747855], [-101.12998536634993, 19.538474715443396], [-101.12941382678936, 19.53848145448677], [-101.12941738047283, 19.538752380892063], [-101.1291316101277, 19.538755749787097], [-101.12913516339434, 19.539026676234066], [-101.1294209342155, 19.53902330728862], [-101.12942448801739, 19.539294233676443], [-101.12971025925539, 19.5392908642292], [-101.12972092244448, 19.54010364318901], [-101.13000669505143, 19.540100273139107], [-101.13001025004232, 19.540371199391142], [-101.13058179603073, 19.54036445783625]]]}}, {"type": "Feature", "properties": {"_h": "e9821454-d5f3-5998-bf37-4862a982812a", "clase": 1, "anio": 1999, "area_ha": 0.63, "cerro": "Pico Azul–La Escalera"}, "geometry": {"type": "Polygon", "coordinates": [[[-101.1517036935371, 19.538217293962173], [-101.15170010278449, 19.53794637150068], [-101.15198586747589, 19.537942967049887], [-101.15198227630714, 19.53767204463059], [-101.15169651209173, 19.537675449030438], [-101.15169292145877, 19.537404526551448], [-101.15112139380045, 19.53741133389531], [-101.15113216302288, 19.53822410161162], [-101.1517036935371, 19.538217293962173]]]}}, {"type": "Feature", "properties": {"_h": "b817abbe-7c6c-5806-b676-45cb8e0c7c2b", "clase": 1, "anio": 1995, "area_ha": 22.77, "cerro": "Pico Azul–La Escalera"}, "geometry": {"type": "Polygon", "coordinates": [[[-101.127180920518, 19.542572293813556], [-101.12717736981473, 19.542301367127493], [-101.12746314676323, 19.54229800073743], [-101.12745959564297, 19.542027074093], [-101.1277453720562, 19.542023707301823], [-101.12774182051896, 19.54175278069902], [-101.12831337221563, 19.541746045863054], [-101.12830981978533, 19.54147511935227], [-101.12888137029304, 19.541468382811267], [-101.12888492367559, 19.54173930922127], [-101.12917069931677, 19.54173594022319], [-101.12916359165867, 19.541194087495267], [-101.1288778169697, 19.54119745639254], [-101.12887426370557, 19.54092652996507], [-101.12858848943353, 19.5409298983605], [-101.12858493670467, 19.540658971873896], [-101.12829916284953, 19.540662339767504], [-101.1283027151023, 19.540933266304496], [-101.12744539175353, 19.540943367427893], [-101.12744184092907, 19.54067244073978], [-101.1268702926863, 19.54067917246416], [-101.12686674287316, 19.540408245666587], [-101.12658096913917, 19.540411610801286], [-101.12657741986123, 19.540140683944635], [-101.12629164654419, 19.54014404857757], [-101.12629519534603, 19.540414975484563], [-101.12600942149378, 19.54041833971641], [-101.12599877669385, 19.53960555881823], [-101.12628454911787, 19.539602194737377], [-101.12627745192805, 19.539060340862246], [-101.12713476598907, 19.539050246213364], [-101.12713121605469, 19.538779319413734], [-101.12627390342182, 19.538789413911584], [-101.12627035497471, 19.53851848695218], [-101.12541304323784, 19.538528577236615], [-101.12540949627794, 19.53825765011749], [-101.12512372605681, 19.538261012592567], [-101.12512017963202, 19.537990085414407], [-101.12454863996456, 19.537996808909845], [-101.12455218543731, 19.538267736188605], [-101.12312333285495, 19.538284537279697], [-101.12311978976231, 19.538013609749544], [-101.12283401954474, 19.538016968563383], [-101.12283047698715, 19.537746040974238], [-101.12254470718656, 19.537749399286465], [-101.12254116516401, 19.537478471638327], [-101.12196962633783, 19.537485186808212], [-101.12197316740837, 19.537756114556824], [-101.12168739743076, 19.537759471514967], [-101.1216944787968, 19.538301327086458], [-101.12140870780816, 19.538304683693685], [-101.12141224810364, 19.538575611516563], [-101.12084070499735, 19.538582323477318], [-101.12084424439972, 19.538853251391885], [-101.12027270010546, 19.53885996164751], [-101.12027977718289, 19.53940181765126], [-101.12113709639216, 19.539391751289514], [-101.12113355639579, 19.539120823442616], [-101.12141932887154, 19.539117467136112], [-101.12142640987537, 19.539659322720734], [-101.12085486296064, 19.539666035083204], [-101.12085840259888, 19.539936962962848], [-101.12142995046578, 19.539930250499943], [-101.12143703182353, 19.540472106032173], [-101.1220085813588, 19.540465391562687], [-101.12200149809671, 19.539923536231377], [-101.12228727182367, 19.539920178419965], [-101.1222908139013, 19.540191106039753], [-101.12286236213035, 19.54018438896219], [-101.12286590521917, 19.540455316472745], [-101.12229435603794, 19.540462033650805], [-101.12230144048824, 19.541003888846696], [-101.12172988916656, 19.541010604419988], [-101.12173343052802, 19.541281532105312], [-101.12230498280192, 19.54127481643155], [-101.12230852517462, 19.54154574400766], [-101.12202274859105, 19.541549102120506], [-101.12202629054661, 19.54182002973813], [-101.12231206760632, 19.54181667157505], [-101.12231561009703, 19.542087599133694], [-101.12345871965016, 19.542074161765704], [-101.1234551752549, 19.541803234408086], [-101.12374095201946, 19.541799873987692], [-101.12373386245382, 19.54125801934679], [-101.12401963820709, 19.5412546585755], [-101.12401609303674, 19.540983731292233], [-101.12430186825482, 19.54098037011978], [-101.12430541390127, 19.541251297352765], [-101.1245911895364, 19.541247935678577], [-101.12459473571803, 19.54151886285253], [-101.12488051177021, 19.5415155006766], [-101.12488405848705, 19.541786427791518], [-101.12545561136636, 19.541779701984677], [-101.12545915909456, 19.542050628990236], [-101.1251733822083, 19.5420539921697], [-101.12517692951945, 19.542324919216842], [-101.12546270688185, 19.54232155598706], [-101.12546625472822, 19.54259248297515], [-101.12575203250766, 19.54258911924358], [-101.1257449359217, 19.542047265359304], [-101.12603071268973, 19.542043901276916], [-101.1260342614293, 19.542314828173087], [-101.12689159280708, 19.5423047330661], [-101.12689514303419, 19.54257565980251], [-101.127180920518, 19.542572293813556]], [[-101.12660226604844, 19.542037171757734], [-101.12631648939865, 19.54204053674306], [-101.12631294024207, 19.54176960988848], [-101.12602716400929, 19.541772974372005], [-101.12602361538795, 19.541502047458348], [-101.12573783957215, 19.54150541144009], [-101.12573074345906, 19.540963557485938], [-101.12601651832263, 19.54096019360486], [-101.12601296987864, 19.540689266665], [-101.12629874420699, 19.540685902382815], [-101.12630229312707, 19.540956829272336], [-101.12687384255858, 19.540950099252985], [-101.12688094248057, 19.541491952804435], [-101.12659516684215, 19.541495318140527], [-101.12660226604844, 19.542037171757734]], [[-101.12343745416429, 19.54044859748897], [-101.12315167972123, 19.54045195720657], [-101.12314813615635, 19.54018102974628], [-101.12343391012328, 19.540177670078947], [-101.12343745416429, 19.54044859748897]], [[-101.12371613957318, 19.539903382591707], [-101.12314459265048, 19.539910102277254], [-101.12314104920364, 19.53963917479949], [-101.12342682221843, 19.539635815232685], [-101.12342327835457, 19.53936488779647], [-101.12370905083428, 19.539361527828532], [-101.12370550655339, 19.539090600433845], [-101.12427705038353, 19.539083879244338], [-101.12428414090857, 19.53962573382385], [-101.1237125951742, 19.539632455214484], [-101.12371613957318, 19.539903382591707]], [[-101.12455927656003, 19.53880959071994], [-101.1242735052096, 19.538812951941484], [-101.12426996009475, 19.538542024629898], [-101.12455573096913, 19.53853866345864], [-101.12455927656003, 19.53880959071994]]]}}, {"type": "Feature", "properties": {"_h": "6c564900-0d12-52eb-a850-bdc2e69bdad3", "clase": 1, "anio": 1995, "area_ha": 0.72, "cerro": "Pico Azul–La Escalera"}, "geometry": {"type": "Polygon", "coordinates": [[[-101.12912450377202, 19.53821389686696], [-101.12911739765313, 19.53767204391187], [-101.12883162915288, 19.53767541215393], [-101.12882807665822, 19.537404485612882], [-101.12797077223038, 19.53741458747978], [-101.12797432329704, 19.53768551417199], [-101.12826009197482, 19.537682147283988], [-101.12826364357664, 19.537953073917077], [-101.12854941267128, 19.537949706527336], [-101.12855296480829, 19.538220633101304], [-101.12912450377202, 19.53821389686696]]]}}, {"type": "Feature", "properties": {"_h": "0a98b85c-1b21-5924-a64a-de5ab0659a65", "clase": 1, "anio": 2016, "area_ha": 3.78, "cerro": "Pico Azul–La Escalera"}, "geometry": {"type": "Polygon", "coordinates": [[[-101.17313954102998, 19.538231622505812], [-101.17313591451928, 19.53796070389234], [-101.17285015380091, 19.537964141792106], [-101.17283927605912, 19.537151385744792], [-101.17341079457975, 19.537144509802605], [-101.17340354115024, 19.536602672599695], [-101.1728320245333, 19.536609548336106], [-101.17282839886101, 19.536338629618623], [-101.17368567226804, 19.536328315491428], [-101.17368204522843, 19.53605739691952], [-101.17253901580186, 19.5360711479808], [-101.17253539072628, 19.535800229194365], [-101.1731069046086, 19.53579335466912], [-101.17310327864165, 19.53552243597679], [-101.1733890350163, 19.535518998088733], [-101.17338178231188, 19.534977160780688], [-101.17252451586194, 19.534987472782497], [-101.17252814075633, 19.535258391595217], [-101.17224238467634, 19.535261828078106], [-101.1722532582942, 19.53607458461797], [-101.17168174309772, 19.536081456538508], [-101.17169261440363, 19.536894213308024], [-101.17197837345982, 19.53689077741915], [-101.17198924673694, 19.53770353395558], [-101.17227500716055, 19.53770009746117], [-101.172278632183, 19.537971016237705], [-101.17256439302216, 19.537967579240558], [-101.17256801858095, 19.538238497956907], [-101.17313954102998, 19.538231622505812]], [[-101.17310327864165, 19.53552243597679], [-101.17281752220659, 19.535525873413604], [-101.1728138967759, 19.535254954661085], [-101.1730996527351, 19.535251517275707], [-101.17310327864165, 19.53552243597679]]]}}, {"type": "Feature", "properties": {"_h": "83fb764a-911e-53b1-9fd0-e3fc43200956", "clase": 1, "anio": 1995, "area_ha": 1.98, "cerro": "Pico Azul–La Escalera"}, "geometry": {"type": "Polygon", "coordinates": [[[-101.13453630203581, 19.53679518493491], [-101.13452917842214, 19.53625333381019], [-101.13481494335709, 19.536249956793842], [-101.13481138116332, 19.535979031268916], [-101.13452561670435, 19.53598240823472], [-101.13452205504588, 19.53571148265052], [-101.13423629100349, 19.535714859114496], [-101.13423272988031, 19.535443933471026], [-101.13394696625453, 19.535447309433184], [-101.13394340566661, 19.535176383730455], [-101.13365764245742, 19.535179759190815], [-101.13365052241139, 19.534637907658116], [-101.13336476009472, 19.534641282566174], [-101.13337899852036, 19.53572498579864], [-101.13280746990169, 19.535731734664907], [-101.13281102870448, 19.536002660552175], [-101.13309679351943, 19.535999286294196], [-101.13310035285747, 19.53627021212223], [-101.13395764837426, 19.536260086488937], [-101.1339612091995, 19.53653101215671], [-101.13424697472908, 19.53652763599247], [-101.13425053608961, 19.536798561600996], [-101.13453630203581, 19.53679518493491]]]}}, {"type": "Feature", "properties": {"_h": "fdc3a5d3-6d32-5f15-b860-d06c1f7315f0", "clase": 1, "anio": 2012, "area_ha": 7.74, "cerro": "Pico Azul–La Escalera"}, "geometry": {"type": "Polygon", "coordinates": [[[-101.1371153252987, 19.53730662481028], [-101.13711175905969, 19.537035699724818], [-101.13739752488804, 19.537032318494923], [-101.13739395823247, 19.53676139345132], [-101.13767972352544, 19.536758011820698], [-101.13768329065697, 19.537028936813694], [-101.13796905636646, 19.537025554681147], [-101.13796548875895, 19.536754629738756], [-101.13825125393303, 19.536751247205494], [-101.13824768590902, 19.53648032230497], [-101.13853345054768, 19.53647693937102], [-101.13853701904766, 19.536747864220917], [-101.13939431403479, 19.536737712559272], [-101.13938717423855, 19.536195863154546], [-101.13967293816339, 19.536192478466], [-101.13966936787855, 19.535921553801174], [-101.13852631372609, 19.535935089645005], [-101.13852274540447, 19.53566416476889], [-101.1396657976532, 19.535650629127613], [-101.13966222748732, 19.535379704445308], [-101.14023375230295, 19.53537293401825], [-101.14023018124472, 19.535102009428517], [-101.13908713327922, 19.535115548274895], [-101.13908356418413, 19.53484462347382], [-101.13936932578883, 19.534841239489772], [-101.1393621868253, 19.534299389962683], [-101.1390764261724, 19.53430277384544], [-101.13907285725574, 19.53403184901814], [-101.13850133672334, 19.534038615328623], [-101.1384977688179, 19.533767690391326], [-101.13935504809967, 19.533757540400625], [-101.13935147882607, 19.533486615606485], [-101.13820844156828, 19.533500147822412], [-101.13821557636794, 19.534041997806987], [-101.13707253435201, 19.534055523207947], [-101.13708679705027, 19.5351392238819], [-101.13680103449413, 19.535142604306355], [-101.1368045998413, 19.535413529503582], [-101.13651883674981, 19.53541690952734], [-101.13652240168048, 19.535687834766406], [-101.13737969220446, 19.53567769318951], [-101.13738682509961, 19.536219543337893], [-101.13710106069915, 19.53622292441601], [-101.13710819288009, 19.536764774630626], [-101.13682242746829, 19.536768155358608], [-101.13682599317193, 19.53703908050339], [-101.13654022722473, 19.537042460830637], [-101.1365437925118, 19.537313386017267], [-101.1371153252987, 19.53730662481028]], [[-101.13852988210715, 19.536206014512377], [-101.13795835372227, 19.53621277982775], [-101.13795478629308, 19.535941854859132], [-101.13852631372609, 19.535935089645005], [-101.13852988210715, 19.536206014512377]], [[-101.13822627901328, 19.534854772718322], [-101.13794051717075, 19.534858154897275], [-101.13793695003876, 19.534587229884963], [-101.13822271140539, 19.53458384775662], [-101.13822627901328, 19.534854772718322]], [[-101.13907999514853, 19.534573698664], [-101.13879423396027, 19.534577082146136], [-101.13879066546005, 19.53430615727694], [-101.1390764261724, 19.53430277384544], [-101.13907999514853, 19.534573698664]]]}}, {"type": "Feature", "properties": {"_h": "8b2405c8-815e-50a8-a7af-f72585c004a5", "clase": 1, "anio": 1995, "area_ha": 6.39, "cerro": "Pico Azul–La Escalera"}, "geometry": {"type": "Polygon", "coordinates": [[[-101.12594910799511, 19.535812580253964], [-101.12594201341247, 19.535270726033605], [-101.12622777822051, 19.53526736275807], [-101.12622423054191, 19.53499643568512], [-101.1265099948149, 19.534993072008625], [-101.12650644671949, 19.53472214497728], [-101.12622068292241, 19.534725508603437], [-101.12621713536205, 19.534454581513025], [-101.12593137198178, 19.53445794463757], [-101.12592427799018, 19.533916090329882], [-101.12563851550262, 19.533919452902506], [-101.12563142269921, 19.533377598459246], [-101.12477413773732, 19.533387683167685], [-101.12477768268182, 19.53365861054461], [-101.12449192043381, 19.533661971261893], [-101.1244883759652, 19.53339104383467], [-101.12420261413402, 19.533394404050398], [-101.12419907020035, 19.533123476564157], [-101.12391330878599, 19.533126836278353], [-101.12390976538725, 19.532855908733097], [-101.12305248221756, 19.532865985017427], [-101.12305956621884, 19.533407840400823], [-101.12334532828618, 19.53340448199009], [-101.12335595615846, 19.534217264848923], [-101.12364171959447, 19.534213905836133], [-101.12364526281254, 19.534484833388003], [-101.12335949890061, 19.53448819245106], [-101.12336304170182, 19.534759120044477], [-101.12393457041846, 19.53475240136654], [-101.12393102666542, 19.534481473873665], [-101.12421679045926, 19.534478113908055], [-101.1242309677294, 19.535561823626004], [-101.12480249894735, 19.535555101938595], [-101.12480604436442, 19.53582602924567], [-101.12537757629795, 19.535819305652428], [-101.12537402992896, 19.535548378445977], [-101.12565979533115, 19.535545016022716], [-101.12566334217608, 19.535815943178847], [-101.12594910799511, 19.535812580253964]], [[-101.12507408148637, 19.534468031303554], [-101.12478831786974, 19.534471392622997], [-101.12478477274803, 19.53420046527227], [-101.12507053588877, 19.53419710400313], [-101.12507408148637, 19.534468031303554]]]}}, {"type": "Feature", "properties": {"_h": "72ce1287-bd09-5bef-b683-54f47d245fad", "clase": 1, "anio": 1995, "area_ha": 0.72, "cerro": "Pico Azul–La Escalera"}, "geometry": {"type": "Polygon", "coordinates": [[[-101.12618875700707, 19.532287164475328], [-101.12618520997869, 19.532016237306323], [-101.1258994508813, 19.532019599977897], [-101.12589590438789, 19.531748672749828], [-101.1250386281687, 19.53175875790633], [-101.1250421732346, 19.53202968528535], [-101.12475641390087, 19.53203304615207], [-101.12475995855002, 19.53230397357266], [-101.12618875700707, 19.532287164475328]]]}}, {"type": "Feature", "properties": {"_h": "451c47f9-2789-5eed-9515-2a7067e92b1f", "clase": 2, "anio": 2018, "area_ha": 1.08, "cerro": "Pico Azul–La Escalera"}, "geometry": {"type": "Polygon", "coordinates": [[[-101.16791986614271, 19.532604124430915], [-101.16791624946507, 19.53233320470864], [-101.16820200121583, 19.53232977555899], [-101.16819838412265, 19.53205885587928], [-101.16848413533735, 19.532055426329787], [-101.16848051782867, 19.53178450669265], [-101.16819476708976, 19.531787936190813], [-101.16818391635267, 19.53097517707288], [-101.16761241754865, 19.53098203440782], [-101.16761964941004, 19.531523874033805], [-101.16790539979371, 19.531520445489278], [-101.16791263284767, 19.53206228497761], [-101.16734113011695, 19.532069141820756], [-101.16734836150879, 19.53261098147931], [-101.16791986614271, 19.532604124430915]]]}}, {"type": "Feature", "properties": {"_h": "0fcfd930-4189-528b-9ad4-2320cc584eed", "clase": 1, "anio": 1995, "area_ha": 16.65, "cerro": "Pico Azul–La Escalera"}, "geometry": {"type": "Polygon", "coordinates": [[[-101.13451493190698, 19.535169631455897], [-101.13450780900546, 19.534627780226316], [-101.13507933310481, 19.534621026348766], [-101.13508289547771, 19.534891951866854], [-101.13594018260926, 19.534881817514353], [-101.13593661880863, 19.53461089214793], [-101.136793903978, 19.534600753885684], [-101.13678320864935, 19.533787978189135], [-101.137068968826, 19.533784598017615], [-101.13706540335939, 19.53351367281854], [-101.13677964365861, 19.533517052939477], [-101.13677251385535, 19.532975202413933], [-101.13734403129402, 19.532968441923185], [-101.13733333417959, 19.532155666372873], [-101.1370475769175, 19.53215904669208], [-101.13705114208705, 19.532429971934853], [-101.13647962643294, 19.53243673132082], [-101.13647249805656, 19.53189488062421], [-101.13675825496165, 19.531891501257995], [-101.13675469038672, 19.531620575947162], [-101.13561166431333, 19.53163409050258], [-101.13560810170105, 19.53136316498073], [-101.13532234551008, 19.531366542441052], [-101.13532590764652, 19.531637468013447], [-101.13504015092037, 19.531640845073124], [-101.13503658925973, 19.531369919450185], [-101.13475083295005, 19.531373296008127], [-101.13474727182457, 19.53110237032591], [-101.13446151593132, 19.53110574638214], [-101.13445795534099, 19.530834820640653], [-101.13417219986422, 19.53083819619517], [-101.13416863980902, 19.530567270394428], [-101.13388288474872, 19.53057064544726], [-101.13387932522862, 19.530299719587266], [-101.13359357058478, 19.53030309413841], [-101.13360780711788, 19.53138679772801], [-101.13303629384589, 19.531393545880817], [-101.13303985217581, 19.531664471857386], [-101.13275409497504, 19.531667845307496], [-101.13275765288844, 19.531938771325812], [-101.13304341056504, 19.531935397825205], [-101.13304696901355, 19.532206323784305], [-101.1336184851405, 19.532199575328484], [-101.1336149257403, 19.531928649470398], [-101.13447219805835, 19.53191852355416], [-101.13447575888603, 19.5321894492607], [-101.1350472744197, 19.53218269629279], [-101.13505439815646, 19.5327245474775], [-101.13562591535607, 19.53271779250257], [-101.1356294782652, 19.53298871798072], [-101.13591523725181, 19.53298533976587], [-101.1359223641999, 19.533527190594842], [-101.13535084426383, 19.533533946775552], [-101.13534728171184, 19.533263021264318], [-101.13506152213063, 19.53326639862727], [-101.13505796011387, 19.532995473056754], [-101.13420068244172, 19.53300560228659], [-101.13419712191187, 19.532734676555737], [-101.1333398451333, 19.53274480157297], [-101.13334340423557, 19.533015727455354], [-101.13277188513493, 19.53302247531171], [-101.13276832698438, 19.53275154932834], [-101.13248256782097, 19.53275492252919], [-101.13247901020554, 19.532483996486594], [-101.13105021587866, 19.532500855470122], [-101.13105377111482, 19.53277178176504], [-101.13076801159582, 19.53277515225853], [-101.13077156641536, 19.533046078595152], [-101.13020004624796, 19.53305281832932], [-101.13020360017501, 19.53332374475808], [-101.12991783952658, 19.53332711399873], [-101.12992850023538, 19.53413989338386], [-101.13050002432828, 19.53413315414874], [-101.1304964697477, 19.533862227796625], [-101.13278255994237, 19.533835253209407], [-101.1327861183301, 19.534106179157835], [-101.13364340260263, 19.53409605609047], [-101.13365052241139, 19.534637907658116], [-101.13422204686677, 19.534631156488185], [-101.13422916881646, 19.535173007818816], [-101.13451493190698, 19.535169631455897]], [[-101.13535796954591, 19.534075797771802], [-101.13507220853707, 19.534079175286383], [-101.13506864634223, 19.533808249742084], [-101.13535440687518, 19.533804872278044], [-101.13535796954591, 19.534075797771802]]]}}, {"type": "Feature", "properties": {"_h": "6a2b8daf-3b48-5528-a933-198e163f239a", "clase": 1, "anio": 1996, "area_ha": 1.08, "cerro": "Pico Azul–La Escalera"}, "geometry": {"type": "Polygon", "coordinates": [[[-101.16160084819887, 19.530241164740637], [-101.16159363692078, 19.529699322875054], [-101.16187938523791, 19.529695904163074], [-101.16187577921328, 19.529424983268324], [-101.16216152699458, 19.529421564156404], [-101.16215792055432, 19.52915064330408], [-101.16158642588306, 19.529157480974455], [-101.16159003137187, 19.52942840192913], [-101.16130428347039, 19.529431820138832], [-101.16130788854358, 19.529702741135917], [-101.1604506430515, 19.5297129932118], [-101.16045785052368, 19.53025483548662], [-101.16160084819887, 19.530241164740637]]]}}, {"type": "Feature", "properties": {"_h": "34c7585d-9d22-5bd5-a826-34317436054a", "clase": 1, "anio": 2009, "area_ha": 0.81, "cerro": "Pico Azul–La Escalera"}, "geometry": {"type": "Polygon", "coordinates": [[[-101.13674756141509, 19.53107872529928], [-101.13673686840316, 19.53026594926194], [-101.13702262239404, 19.530262569748018], [-101.13701549306487, 19.529720719113936], [-101.13672974002552, 19.52972409852668], [-101.13672261188546, 19.52918224775647], [-101.13643685973821, 19.529185626616915], [-101.13646180593744, 19.531082104513768], [-101.13674756141509, 19.53107872529928]]]}}, {"type": "Feature", "properties": {"_h": "490061af-6747-5fd5-8ab9-d5648a450dbc", "clase": 1, "anio": 1995, "area_ha": 3.51, "cerro": "Pico Azul–La Escalera"}, "geometry": {"type": "Polygon", "coordinates": [[[-101.13614041862138, 19.528376228501948], [-101.13613685577009, 19.52810530297638], [-101.13585110540699, 19.528108680732302], [-101.13584398083394, 19.52756682955384], [-101.13612973024561, 19.52756345189904], [-101.13611904240425, 19.526750675217507], [-101.13583329441963, 19.526754052720623], [-101.13582973240025, 19.526483127092074], [-101.13554398483194, 19.52648650409356], [-101.1355404233476, 19.526215578405722], [-101.13496892898422, 19.526222330954408], [-101.13496180809624, 19.525680479350353], [-101.13524755435631, 19.525677103402625], [-101.13524043275444, 19.525135251864707], [-101.1346689420775, 19.52514200310698], [-101.13467250189748, 19.525412928981375], [-101.13438675599438, 19.525416303976485], [-101.1343938748611, 19.525958155800136], [-101.13410812794737, 19.52596153044525], [-101.13411880526542, 19.526774308266777], [-101.13440455360613, 19.526770933470104], [-101.13440099396512, 19.526500007588847], [-101.13497248951722, 19.526493256743336], [-101.13499029307243, 19.527847885556938], [-101.1352760431379, 19.52784450920487], [-101.13528316592685, 19.528386360568078], [-101.13614041862138, 19.528376228501948]]]}}, {"type": "Feature", "properties": {"_h": "a915fd0f-2933-5cb5-bb57-e7365748a47a", "clase": 1, "anio": 1995, "area_ha": 1.26, "cerro": "Pico Azul–La Escalera"}, "geometry": {"type": "Polygon", "coordinates": [[[-101.17039750866381, 19.52552934177009], [-101.17039026994172, 19.524987502785716], [-101.17067600830619, 19.52498407096278], [-101.17066152968364, 19.523900393094486], [-101.17009005669888, 19.52390725587838], [-101.17009729398728, 19.524449095035536], [-101.1698115564533, 19.524452525853768], [-101.1698151747124, 19.52472344547058], [-101.16952943664255, 19.524726875889193], [-101.16953305448638, 19.524997795548604], [-101.16981879303181, 19.524994365078634], [-101.16982241141152, 19.525265284677932], [-101.17010815037223, 19.525261853705608], [-101.17011176928784, 19.525532773244784], [-101.17039750866381, 19.52552934177009]]]}}, {"type": "Feature", "properties": {"_h": "3ff71039-38c7-53f0-b4b2-65a2f19a4eb4", "clase": 1, "anio": 2009, "area_ha": 1.08, "cerro": "Pico Azul–La Escalera"}, "geometry": {"type": "Polygon", "coordinates": [[[-101.13438675599438, 19.525416303976485], [-101.13438319665003, 19.525145378051562], [-101.1346689420775, 19.52514200310698], [-101.13466538231684, 19.524871077223843], [-101.13495112720935, 19.524867701878755], [-101.13494756703241, 19.52459677603742], [-101.13523331138997, 19.524593400291852], [-101.13522975079675, 19.52432247449232], [-101.13465826297352, 19.524329225431366], [-101.13466182261551, 19.52460015133197], [-101.13437607813928, 19.524603526175497], [-101.1343725189729, 19.524332600224373], [-101.13380103079368, 19.52433934845734], [-101.13380814728332, 19.524881200552933], [-101.13409389235382, 19.524877826560925], [-101.13409745116323, 19.52514875254511], [-101.1338117056171, 19.525152126587628], [-101.1338152640102, 19.525423052613586], [-101.13438675599438, 19.525416303976485]]]}}, {"type": "Feature", "properties": {"_h": "2d8e60bf-07b4-55cc-a1d7-bb99cb56c523", "clase": 2, "anio": 2022, "area_ha": 0.81, "cerro": "Pico Azul–La Escalera"}, "geometry": {"type": "Polygon", "coordinates": [[[-101.1742492351155, 19.51437357710532], [-101.17424561154358, 19.514102657978448], [-101.17453133004608, 19.51409922190047], [-101.17452770605932, 19.513828302816307], [-101.1742419880321, 19.51383173884283], [-101.17423836458102, 19.51356081969845], [-101.17366692929578, 19.513567690296444], [-101.17367055179636, 19.513838609543733], [-101.1733848335879, 19.51384204421813], [-101.17339207781976, 19.51438388278934], [-101.1742492351155, 19.51437357710532]]]}}]}